filename, Bluish Nail, Healthy Nail, Koilonychia, Terry-s nail
Screen-Shot-2021-10-15-at-10-38-37-AM_png_jpg.rf.68c4e62c970cefbbe004ba9ca212d878.jpg, 1, 0, 0, 0
Screenshot-2021-11-22-203232_png_jpg.rf.6ca665e42102f862bead2d6ea2a7aa72.jpg, 0, 0, 0, 1
Screenshot-2021-11-22-144631_png_jpg.rf.6a621be835936698a4e0b643e06fc187.jpg, 0, 0, 0, 1
Screen-Shot-2021-11-15-at-11-14-04-AM_png_jpg.rf.67c305b1ab748f44d0ff8fd0a7a5b518.jpg, 0, 1, 0, 0
Screenshot-2021-11-22-201031_png_jpg.rf.68c3c4269258442959d96bdd5dd65d2e.jpg, 0, 0, 0, 1
Screenshot-2021-11-22-181009_png_jpg.rf.6b01ddb50ccab61a7fedc543c346134d.jpg, 0, 0, 0, 1
Screenshot-2021-11-22-144000_png_jpg.rf.69932cf29eb9e5e371f6aacda3cc8f2d.jpg, 0, 0, 0, 1
Screen-Shot-2021-11-16-at-10-09-20-PM_png_jpg.rf.6c6839d73001365efc2122b65b104ec4.jpg, 0, 0, 1, 0
Screen-Shot-2021-11-22-at-5-26-02-PM_png_jpg.rf.6d29458cd11a90c914785862bfa7df68.jpg, 1, 0, 0, 0
h203_png_jpg.rf.6cd4e2f5c2ba16a661afb0bcff4b71ff.jpg, 0, 1, 0, 0
k108_png_jpg.rf.6e86afae22827ccb883cf33f3a7e59c9.jpg, 0, 0, 1, 0
Screen-Shot-2021-11-22-at-5-11-21-PM_png_jpg.rf.6e28226060c3eb2fb683a6379364bb08.jpg, 1, 0, 0, 0
k166_png_jpg.rf.6ceacf8affcceea206c1be65547971c2.jpg, 0, 0, 1, 0
Screenshot-2021-11-22-203028_png_jpg.rf.6976617aedfbbb1254279ce013477156.jpg, 0, 0, 0, 1
Screenshot-2021-11-22-143440_png_jpg.rf.6bab07cdd26b3bd89de901d55ed009bc.jpg, 0, 0, 0, 1
Screen-Shot-2021-10-15-at-10-44-09-AM_png_jpg.rf.6f1258c07cb6d7c72a45cc369667b346.jpg, 1, 0, 0, 0
17_PNG_jpg.rf.6e99e7fb5006a446112a76495234c7a2.jpg, 0, 0, 1, 0
h46_png_jpg.rf.6e9a610a7729243859e7a9c31c603041.jpg, 0, 1, 0, 0
h119_png_jpg.rf.6eef79fff3182521d16cccab15bde4e7.jpg, 0, 1, 0, 0
Screen-Shot-2021-11-22-at-10-55-03-PM_png_jpg.rf.68564f4e9a749ba4addc203e517e5665.jpg, 0, 0, 0, 1
h275_png_jpg.rf.6d224716f02d79a86f0165c450afb2e9.jpg, 0, 1, 0, 0
Screen-Shot-2021-10-15-at-10-39-29-AM_png_jpg.rf.6a098488ab037e3cf99ee6695ffce326.jpg, 1, 0, 0, 0
Screen-Shot-2021-11-22-at-10-41-42-PM_png_jpg.rf.6cc7f4fe97deadd9ff1e60f5d26d182a.jpg, 0, 0, 0, 1
h123_png_jpg.rf.6b62f385947b015e90cdc65b8c5170fc.jpg, 0, 1, 0, 0
k135_png_jpg.rf.6b5dd8cde8cbb95e26e6fdc823eebc49.jpg, 0, 0, 1, 0
h264_png_jpg.rf.6f77f88a13850217f79b0a7742785920.jpg, 0, 0, 0, 1
Screen-Shot-2021-11-22-at-4-57-31-PM_png_jpg.rf.70e8d059fab92efb0cfee927933f49e7.jpg, 1, 0, 0, 0
h149_png_jpg.rf.72072c8aa3b3fb121f28ce2edb7b09ff.jpg, 0, 1, 0, 0
k20_png_jpg.rf.70611882140574d2684c3663996937aa.jpg, 0, 0, 1, 0
Screenshot-2021-11-22-202757_png_jpg.rf.6f3ed516e2be7c89c71fff5aa7e2a449.jpg, 0, 0, 0, 1
36_PNG_jpg.rf.6f19db0eb855cea86769240733111086.jpg, 1, 0, 0, 0
Screen-Shot-2021-11-22-at-8-24-12-PM_png_jpg.rf.71a41e494bd33a715d3c15f73f167a10.jpg, 1, 0, 0, 0
h2_png_jpg.rf.702aed0f034e39d35a63fc7f1fff80b6.jpg, 0, 1, 0, 0
Screen-Shot-2021-11-22-at-5-25-53-PM_png_jpg.rf.73e3e33332d9d6c94a940839c07674f3.jpg, 1, 0, 0, 0
semisuper_kor_682_232_13_476_257_20161107000326585_jpg.rf.738022b9712320a045b95ea3323c288e.jpg, 0, 1, 0, 0
Screenshot-2021-11-22-180658_png_jpg.rf.6fe31a02a82c261c4966314f03f170ca.jpg, 0, 0, 0, 1
Screen-Shot-2021-11-22-at-9-22-07-PM_png_jpg.rf.6f813139e6e550e074fc44ac958a8aa1.jpg, 1, 0, 0, 0
h206_png_jpg.rf.6fa17f097b064e72cd3fd27bfeeb3925.jpg, 0, 1, 0, 0
Screen-Shot-2021-11-15-at-11-19-41-AM_png_jpg.rf.74ead38aa7d3be6b26bdf62b587a27e7.jpg, 0, 1, 0, 0
Screen-Shot-2021-11-22-at-9-08-51-PM_png_jpg.rf.72da772576e5b33cd56eb3101e845442.jpg, 1, 0, 0, 0
Screen-Shot-2021-11-22-at-5-13-11-PM_png_jpg.rf.715aed2174f54079328f407b6071251a.jpg, 1, 0, 0, 0
Screen-Shot-2021-11-16-at-10-01-06-PM_png_jpg.rf.732f877ff21356c6a8147d87ba434b92.jpg, 0, 0, 1, 0
Screen-Shot-2021-11-22-at-4-57-43-PM_png_jpg.rf.743b62f1c746b50cb54555585d9fd4db.jpg, 1, 0, 0, 0
Screenshot-2021-11-22-134128_png_jpg.rf.73af5a668a614fd55c627ea43682a65f.jpg, 0, 0, 0, 1
k179_png_jpg.rf.74c83381d3ddebebd723b6a97b19022c.jpg, 0, 0, 1, 0
Screenshot-2021-11-22-141812_png_jpg.rf.71cbcba9fad3f7407c50f2068b7b5e40.jpg, 0, 0, 0, 1
Screenshot-2021-11-22-141719_png_jpg.rf.73c96a171fd7894d105af79fe0e1d225.jpg, 0, 0, 0, 1
Screen-Shot-2021-11-22-at-10-53-59-PM_png_jpg.rf.75292dfcc4fc643f4a15e9c1c80fa522.jpg, 0, 0, 0, 1
k69_png_jpg.rf.758e36f855de928fea4831635316b9bf.jpg, 0, 0, 1, 0
h3_png_jpg.rf.748375836ec79496fe4b8a3e974a0055.jpg, 0, 1, 0, 0
Screen-Shot-2021-11-15-at-2-27-42-PM_png_jpg.rf.776dd4a84bbabfeb3dec75aa4ee88d3b.jpg, 0, 1, 0, 0
k114_png_jpg.rf.77cb9591121ee05dbad7b55f1a06e6a8.jpg, 0, 0, 1, 0
Screen-Shot-2021-11-22-at-4-52-16-PM_png_jpg.rf.783f0db680bf6a89fb6ab0831ee223dd.jpg, 1, 0, 0, 0
k199_png_jpg.rf.77b7dc176b077735ba2e56ce4d696d03.jpg, 0, 0, 1, 0
19_PNG_jpg.rf.7964bd223063aa16d54ab36729ed1bf6.jpg, 0, 0, 0, 1
Screen-Shot-2021-11-22-at-8-11-26-PM_png_jpg.rf.773a628f23ee90d04d05c70b843a001c.jpg, 1, 0, 0, 0
Screenshot-2021-11-22-203823_png_jpg.rf.7c06757cb08da82641d3eea5db45f80c.jpg, 0, 0, 0, 1
Screen-Shot-2021-11-15-at-10-57-13-AM_png_jpg.rf.7a2c5137d7968e7083a78b14ece80ab2.jpg, 0, 1, 0, 0
terry-nails-3_jpg.rf.7acb422c8d2a0401c5b431f317798193.jpg, 0, 0, 0, 1
k70_png_jpg.rf.7730cd2a35f7c4bf616ed91f01da201b.jpg, 0, 0, 1, 0
k76_png_jpg.rf.7a40f272cbdadc12e1384b4ffb2b34b0.jpg, 0, 0, 1, 0
h53_png_jpg.rf.7b7f762a8c58afbdae9803211eb6d13f.jpg, 0, 1, 0, 0
Screenshot-2021-11-22-204741_png_jpg.rf.7adcb0fd2b3014ce10491165db297e7a.jpg, 0, 0, 0, 1
Screen-Shot-2021-10-15-at-11-11-08-AM_png_jpg.rf.7bec587a60b0bbf8a5b9ffd6b0408001.jpg, 1, 0, 0, 0
Screen-Shot-2021-11-22-at-4-50-40-PM_png_jpg.rf.76dc960d6c1f738dc6e2ccc508d5d390.jpg, 1, 0, 0, 0
Screen-Shot-2021-11-15-at-2-26-41-PM_png_jpg.rf.7b9f951ac6f658fd8ab30db9aa4aa865.jpg, 0, 1, 0, 0
Screen-Shot-2021-10-15-at-11-05-16-AM_png_jpg.rf.761551ca5c151acefc3fe24650bc98a4.jpg, 1, 0, 0, 0
Screen-Shot-2021-10-15-at-9-30-50-AM_png_jpg.rf.78bd080e761197529d86b61c04c961e5.jpg, 1, 0, 0, 0
Screen-Shot-2021-11-22-at-5-06-33-PM_png_jpg.rf.798b702fdf11823931ad10385892a0c7.jpg, 1, 0, 0, 0
h228_png_jpg.rf.7a75535be0f63a031084e4728c552438.jpg, 0, 1, 0, 0
Screen-Shot-2021-11-22-at-10-47-05-PM_png_jpg.rf.7ad8bff3e04bfa01485d2b325b759400.jpg, 0, 0, 0, 1
semisuper_kor_688_129_300_346_517_NISI20140330_0009520725_web_jpg.rf.7b49c44d09ae53a73974132683019ee1.jpg, 0, 1, 0, 0
Screen-Shot-2021-11-15-at-2-26-34-PM_png_jpg.rf.7c1f433a7393726533ef89559435f2d3.jpg, 0, 1, 0, 0
Screen-Shot-2021-11-16-at-10-04-58-PM_png_jpg.rf.784750dec659797118dfa1037c3a8d50.jpg, 0, 0, 1, 0
Screenshot-2021-11-22-180027_png_jpg.rf.7bd6b25234953be53ecb41cb01b5e617.jpg, 0, 0, 0, 1
h180_png_jpg.rf.7c32e4f2747ce61e858d24374db81587.jpg, 0, 1, 0, 0
k109_png_jpg.rf.7d182c1b324bfd81e9aaf0a15b41c3ca.jpg, 0, 0, 1, 0
Screenshot-2021-11-22-201932_png_jpg.rf.8056f8b2bfac0239c69366a3e8e919e5.jpg, 0, 0, 0, 1
Screen-Shot-2021-11-22-at-5-14-49-PM_png_jpg.rf.7d10a718a4fc2d4a68faf612c7e33f43.jpg, 1, 0, 0, 0
k60_png_jpg.rf.7cb93cf454d387c080b48d256b9ba001.jpg, 0, 0, 1, 0
Screen-Shot-2021-11-22-at-8-26-17-PM_png_jpg.rf.8218c9933292676f551b32f7680cb8a1.jpg, 1, 0, 0, 0
h117_png_jpg.rf.809f5034d920222eea3627323cd0b329.jpg, 0, 1, 0, 0
Screen-Shot-2021-11-15-at-2-26-28-PM_png_jpg.rf.7f45340024c2928f22e118bd816b0476.jpg, 0, 1, 0, 0
Screen-Shot-2021-10-15-at-9-40-46-AM_png_jpg.rf.805da72a08790a4d68d2ae6a8e9ec0e3.jpg, 1, 0, 0, 0
h118_png_jpg.rf.828920bfe2a165f77d03e4995fa18808.jpg, 0, 1, 0, 0
h186_png_jpg.rf.812f448c457825f3ed3b4f37db5f447e.jpg, 0, 1, 0, 0
Screen-Shot-2021-11-22-at-10-06-57-PM_png_jpg.rf.807b468e371b04f686515b65b912ba95.jpg, 1, 0, 0, 0
Screenshot-2021-11-22-202637_png_jpg.rf.7db25bb6386e58963020ae1b9ed638bd.jpg, 0, 0, 0, 1
semisuper_kor_771_384_146_562_324_images_q-tbn_ANd9GcSR9cHJZ1RLJi_wzvzM0vTRXa_w6wCITwi_6SMnt8W3ANaxql6D_jpg.rf.82c5771ea12c134e35bc3c82143d4130.jpg, 0, 1, 0, 0
h128_png_jpg.rf.7dcd46ff5b514fc847d58f6d4ab582dc.jpg, 0, 1, 0, 0
51_PNG_jpg.rf.7f5d01bc1539ae26945b56f62f9a3ac3.jpg, 1, 0, 0, 0
Screenshot-2021-11-22-131525_png_jpg.rf.812d331284c0717db98ab6bb1fcd4653.jpg, 0, 0, 0, 1
Screen-Shot-2021-10-15-at-10-38-24-AM_png_jpg.rf.8116fd0a9438f04e91f8d256fa216c71.jpg, 1, 0, 0, 0
Screen-Shot-2021-11-22-at-9-46-24-PM_png_jpg.rf.80ed74d9f51f377f8108e5e219b29669.jpg, 1, 0, 0, 0
Screenshot-2021-11-22-133842_png_jpg.rf.7ecfc79c3907cd4c33d7fa4b0122b2a5.jpg, 0, 0, 0, 1
1_PNG_jpg.rf.7ec4494437fbde592578dc4d2a31d707.jpg, 0, 0, 0, 1
Screenshot-2021-11-22-184339_png_jpg.rf.83689d2401e8f9e8fcff5811cbf88697.jpg, 0, 0, 0, 1
Screen-Shot-2021-11-16-at-10-10-22-PM_png_jpg.rf.7e92a6665eb15ba1228b949e517b952a.jpg, 0, 0, 1, 0
semisuper_kor_550_543_274_730_484_images_q-tbn_ANd9GcTrhn1L6-RnsZD8BE_nosjtdwWGlOwPczWUfAY6kHvkuqp1VrStvw_jpg.rf.7f4f78b11b3994c3e7cee873dbfe7272.jpg, 0, 1, 0, 0
49_PNG_jpg.rf.83da68875047c3e37188d4589de7c6a9.jpg, 1, 0, 0, 0
k203_png_jpg.rf.841dd5e9257d4477c703770ea55881ab.jpg, 0, 0, 1, 0
Screen-Shot-2021-11-22-at-11-05-24-PM_png_jpg.rf.83ca214b60805880f80b6159b358c263.jpg, 0, 0, 0, 1
Screen-Shot-2021-11-22-at-5-23-38-PM_png_jpg.rf.845a8750ee67f28617829c4110e2d9d5.jpg, 1, 0, 0, 0
Screen-Shot-2021-11-22-at-5-05-43-PM_png_jpg.rf.8703f5b9a0f6731110cf87cef85447dd.jpg, 1, 0, 0, 0
Screen-Shot-2021-11-22-at-10-45-17-PM_png_jpg.rf.8841cff1005237bef165b3c9c643cae6.jpg, 0, 0, 0, 1
Screen-Shot-2021-10-15-at-10-40-26-AM_png_jpg.rf.88a372f8203ade03150ffa864bffea0a.jpg, 1, 0, 0, 0
6_PNG_jpg.rf.84f44bc2fe9bf2bc5e10d1238147089a.jpg, 1, 0, 0, 0
Screenshot-2021-11-22-133720_png_jpg.rf.860c74309dfcf6bdb8d9aca15d82d384.jpg, 0, 0, 0, 1
Screenshot-2021-11-22-204915_png_jpg.rf.8767010012a242c21dc8a6a06cfa5290.jpg, 0, 0, 0, 1
Screen-Shot-2021-11-15-at-12-52-41-PM_png_jpg.rf.895ec88236e75d6057539f6f3c752d51.jpg, 0, 1, 0, 0
h82_png_jpg.rf.845535977b31002aacaf030b2b651875.jpg, 0, 1, 0, 0
Screenshot-2021-11-22-133932_png_jpg.rf.87270880f81e84a7d1a2801b69db2a91.jpg, 0, 0, 0, 1
k58_png_jpg.rf.88b5c04cae79c6182d40bd75decdec07.jpg, 0, 0, 1, 0
Screen-Shot-2021-10-15-at-11-05-07-AM_png_jpg.rf.888c7e7cd4001c8dec398720e7fd36c5.jpg, 1, 0, 0, 0
h156_png_jpg.rf.8893330f835bb4abda098f717043862e.jpg, 0, 1, 0, 0
Screenshot-2021-11-22-201331_png_jpg.rf.88f31e57c6f8615bbb456a9fb033db21.jpg, 0, 0, 0, 1
h23_png_jpg.rf.884905bd69f002bebdfe143983dfaf9e.jpg, 0, 1, 0, 0
k25_png_jpg.rf.851270cd2aed1a12955c2483857176ee.jpg, 0, 0, 1, 0
h190_png_jpg.rf.88742a70609d7cb657b40d04f07b3856.jpg, 0, 1, 0, 0
Screen-Shot-2021-11-22-at-9-08-36-PM_png_jpg.rf.86e2fc04273b04053907ede0bfec26b8.jpg, 1, 0, 0, 0
Screenshot-2021-11-22-173931_png_jpg.rf.89f945b4fcbce766758db10ea92b743e.jpg, 0, 0, 0, 1
terry-nails-4_jpg.rf.863734982240213fed2f4f363d657362.jpg, 0, 0, 0, 1
15_PNG_jpg.rf.8987b7d0b4d6b96a3b60ffcf6f481d79.jpg, 1, 0, 0, 0
images-2KKbaU_jpeg_jpg.rf.8458dca36372eb5d34381e8f6028a864.jpg, 0, 0, 0, 1
Screenshot-2021-11-22-133419_png_jpg.rf.890bdf871f58c9086c5dc13b44797b2a.jpg, 0, 0, 0, 1
h47_png_jpg.rf.89f5ab7970183e54c3ae4a6cd959f892.jpg, 0, 1, 0, 0
h90_png_jpg.rf.8a57bc403a24b19ef4f845d540c3412d.jpg, 0, 1, 0, 0
22_PNG_jpg.rf.88429aaa72b0738244ff38226693a914.jpg, 0, 0, 1, 0
25_PNG_jpg.rf.89839b9c996780bd764db72ce38b9ae1.jpg, 0, 0, 1, 0
k207_png_jpg.rf.8cbb6bdcd19468d2c2f4e38f9123bd80.jpg, 0, 0, 1, 0
k182_png_jpg.rf.8a92778610716bbc5648c96c0aa3ba69.jpg, 0, 0, 1, 0
k5_png_jpg.rf.8b316961f76b0d7d5b0eec5f421b1c30.jpg, 0, 0, 1, 0
Screenshot-2021-11-22-185802_png_jpg.rf.8bc0b0ee5d23d18f5d0898a991eb7455.jpg, 0, 0, 0, 1
h217_png_jpg.rf.8a8ca25a02563d46de71b78379158697.jpg, 0, 1, 0, 0
Screen-Shot-2021-11-22-at-5-02-19-PM_png_jpg.rf.8e5e72c64dfb07c1ece743f2e3f80c32.jpg, 1, 0, 0, 0
k30_png_jpg.rf.8b1e22a2939e4147f0c6aa4723d515e5.jpg, 0, 0, 1, 0
semisuper_kor_742_208_72_447_312_211_jpg.rf.903f3d945f90de4b654c8d236ad8da1f.jpg, 0, 1, 0, 0
Screen-Shot-2021-11-15-at-11-19-47-AM_png_jpg.rf.8ca56daded915f16eea13d2aeacbdad9.jpg, 0, 1, 0, 0
Screenshot-2021-11-22-143137_png_jpg.rf.8eecdafdd2ec1ae05cab92c53db60006.jpg, 0, 0, 0, 1
h216_png_jpg.rf.8a8d97b93050d46c8f4ea841e4361d62.jpg, 0, 1, 0, 0
Screen-Shot-2021-11-22-at-5-30-03-PM_png_jpg.rf.9060e2c6e64893fa034c1ed685895f98.jpg, 1, 0, 0, 0
k21_png_jpg.rf.8b4d4fef264e03d21f5f01a5feb14150.jpg, 0, 0, 1, 0
Screenshot-2021-11-22-174118_png_jpg.rf.8f2777015f7bcd7804d4d42bf3e525f0.jpg, 0, 0, 0, 1
Screen-Shot-2021-11-22-at-4-57-46-PM_png_jpg.rf.8d6894e3be0cfa133d4bfe52538d79e2.jpg, 1, 0, 0, 0
Screen-Shot-2021-10-15-at-10-39-17-AM_png_jpg.rf.8e3f05223b623bb3c322fe2d810fd43c.jpg, 1, 0, 0, 0
Screen-Shot-2021-11-22-at-11-05-09-PM_png_jpg.rf.90178d8ee5c08d160eca7b4a4ca339b3.jpg, 0, 0, 0, 1
Screen-Shot-2021-11-22-at-5-02-29-PM_png_jpg.rf.8e8b69611897fda7949b967d1404922f.jpg, 1, 0, 0, 0
semisuper_jpn_210_628_292_1115_780__E7_88_AA_E3_81_AE_E3_81_B8_E3_81_93_E3_81_BF_jpg.rf.8d1ad5a18dd56af35299db97da30ebb3.jpg, 0, 1, 0, 0
k45_png_jpg.rf.90ae4089334657e0e43464fe4fb23929.jpg, 0, 0, 1, 0
k91_png_jpg.rf.8cecd8fc159afb9d897c38b50f70f160.jpg, 0, 0, 1, 0
Screen-Shot-2021-11-22-at-10-10-41-PM_png_jpg.rf.8e80f7205fd73d5e0f82de43e8d46da4.jpg, 1, 0, 0, 0
Screen-Shot-2021-11-22-at-5-18-17-PM_png_jpg.rf.903909d7458e73026ea1e6cce729e880.jpg, 1, 0, 0, 0
h204_png_jpg.rf.8ecdea553d7ff2de2c62b11310efb6ac.jpg, 0, 1, 0, 0
32_PNG_jpg.rf.8b545210b6cb49cc1439ef84de54c593.jpg, 0, 0, 0, 1
h136_png_jpg.rf.90d4f43d85cd9b1b219c778f97d481f7.jpg, 0, 1, 0, 0
5_PNG_jpg.rf.90efec92fb49146558dabeb525c9d13f.jpg, 0, 0, 1, 0
h32_png_jpg.rf.91ad822d0ba57a6f71170748f37ab575.jpg, 0, 1, 0, 0
Screen-Shot-2021-10-15-at-9-40-50-AM_png_jpg.rf.9150b9dd4ea755bdc5b9564658839599.jpg, 1, 0, 0, 0
Screen-Shot-2021-11-22-at-10-08-12-PM_png_jpg.rf.90dbf4e81243f884e508e40dd1825a0d.jpg, 1, 0, 0, 0
h66_png_jpg.rf.90bf33f8b9c4d70ea676e0a029107c87.jpg, 0, 1, 0, 0
Screen-Shot-2021-11-22-at-9-47-23-PM_png_jpg.rf.918df19455cb70a8658437fd7cc8f718.jpg, 1, 0, 0, 0
Screenshot-2021-11-22-201059_png_jpg.rf.922736c220add4423bc175fc2500c37c.jpg, 0, 0, 0, 1
k17_png_jpg.rf.91f5e2317b7dad2b6d2f5f25fb896ff7.jpg, 0, 0, 1, 0
Screenshot-2021-11-22-203335_png_jpg.rf.9269ea883beca9e0d862d1e0088ea692.jpg, 0, 0, 0, 1
h152_png_jpg.rf.91fec1d1d0fc02d4c388435016da1f59.jpg, 0, 1, 0, 0
h183_png_jpg.rf.936a4f6e337ff0d1cf6e6f54311b0cd7.jpg, 0, 1, 0, 0
h175_png_jpg.rf.92d21f351d7503be33034c9150119b68.jpg, 0, 1, 0, 0
Screen-Shot-2021-11-22-at-10-48-50-PM_png_jpg.rf.93681237234a29cad37f98e30e7bdece.jpg, 0, 0, 0, 1
38_PNG_jpg.rf.96c6b007fa49546d046146e263eaeff2.jpg, 0, 0, 1, 0
k152_png_jpg.rf.92770d3528431f0c4d22a4388d4a7254.jpg, 0, 0, 1, 0
h253_png_jpg.rf.92dca47dc40ee2a8f1356ff1d0a650aa.jpg, 0, 0, 0, 1
k134_png_jpg.rf.94426d23af8504ad96de7fda68ab85e9.jpg, 0, 0, 1, 0
h178_png_jpg.rf.949b5801a17a5c9b5f55c6cf8bbacef9.jpg, 0, 1, 0, 0
28_PNG_jpg.rf.930332b1ab2d0d81ef23fd71097fd31e.jpg, 0, 0, 0, 1
h92_png_jpg.rf.931ba129dce58b251ed7135eb1ca1dd6.jpg, 0, 1, 0, 0
50_PNG_jpg.rf.92f386960c0e8f0cb14a38863b178a23.jpg, 1, 0, 0, 0
Screenshot-2021-11-22-201922_png_jpg.rf.96178e37887a96e454589c1bc1507051.jpg, 0, 0, 0, 1
h49_png_jpg.rf.96757faeff6fbc100d85aeb8c0966e21.jpg, 0, 1, 0, 0
Screen-Shot-2021-11-22-at-8-19-05-PM_png_jpg.rf.95b79a6e5c239a4f8625eaf741006eae.jpg, 1, 0, 0, 0
k46_png_jpg.rf.984893bd1d2d42f46584ef3aa9d247c2.jpg, 0, 0, 1, 0
9_PNG_jpg.rf.964745d228b85b9a0169e72d2a2c3a05.jpg, 0, 0, 1, 0
Screen-Shot-2021-11-22-at-4-57-37-PM_png_jpg.rf.993f0404b7d524bbdff4d688c8cd3bb7.jpg, 1, 0, 0, 0
Screen-Shot-2021-11-22-at-5-09-59-PM_png_jpg.rf.99122c2122843417a1ac43d14e86c248.jpg, 1, 0, 0, 0
Screen-Shot-2021-11-22-at-10-29-11-PM_png_jpg.rf.98dd707f6bf985e7601e394483c99b3e.jpg, 0, 0, 0, 1
Screenshot-2021-11-22-194137_png_jpg.rf.9949d0d007ab4f2faf952899a4441ba5.jpg, 0, 0, 0, 1
h282_png_jpg.rf.9991c574dac641ed32566e626d40c52d.jpg, 0, 1, 0, 0
k94_png_jpg.rf.970ae1865e7a1efed8876ec034cf13c0.jpg, 0, 0, 1, 0
24_PNG_jpg.rf.9854071f3442ec2844ec3ce4000a183d.jpg, 0, 0, 0, 1
Screenshot-2021-11-22-200626_png_jpg.rf.9987229e1b00d08a082ecc65741c11e8.jpg, 0, 0, 0, 1
Screen-Shot-2021-10-15-at-10-36-31-AM_png_jpg.rf.9a1710e9a22074e7c6d0b7704ba7c3ec.jpg, 1, 0, 0, 0
Screenshot-2021-11-22-142255_png_jpg.rf.999dee3f3254d942516a325c9f897bfa.jpg, 0, 0, 0, 1
Screenshot-2021-11-22-204811_png_jpg.rf.9b029a5c595a5cc86598904d95e05370.jpg, 0, 0, 0, 1
Screen-Shot-2021-11-15-at-11-55-19-AM_png_jpg.rf.9b57a4d2051aa71869b99bad9668f8cf.jpg, 0, 1, 0, 0
Screen-Shot-2021-11-22-at-10-54-16-PM_png_jpg.rf.9a357a8a3c3ebff59042b5ad7e95795d.jpg, 0, 0, 0, 1
Screen-Shot-2021-11-22-at-4-48-41-PM_png_jpg.rf.99d52f87937e330ddae412d6dc2c14a7.jpg, 1, 0, 0, 0
Screen-Shot-2021-10-15-at-10-43-46-AM_png_jpg.rf.9b9dc5172b095ac6ae11e0d17c33db96.jpg, 1, 0, 0, 0
Screen-Shot-2021-11-22-at-5-27-50-PM_png_jpg.rf.9bf852fe9382336fdc6606b61a1b1114.jpg, 1, 0, 0, 0
Screen-Shot-2021-11-22-at-9-06-59-PM_png_jpg.rf.9a68eabc6c0438d2179b7fe39f8931ad.jpg, 1, 0, 0, 0
Screen-Shot-2021-11-22-at-9-08-22-PM_png_jpg.rf.9d65d3471511b811149ac3c759fc7d89.jpg, 1, 0, 0, 0
Screen-Shot-2021-11-16-at-10-00-11-PM_png_jpg.rf.9bcb1720c9afc0f0e79e502d054cb987.jpg, 0, 0, 1, 0
k197_png_jpg.rf.9c906417f3cb3d936d1f922bc79ab2d5.jpg, 0, 0, 1, 0
h71_png_jpg.rf.9c28f85e17bca3cae7145cc246e663e1.jpg, 0, 1, 0, 0
21_PNG_jpg.rf.9de9800309fc72c6648bb069b721cc11.jpg, 0, 0, 1, 0
h43_png_jpg.rf.9d197cfab2db5bd9948b264db4a7e81a.jpg, 0, 1, 0, 0
Screen-Shot-2021-11-22-at-10-06-28-PM_png_jpg.rf.9ee495f7841d44fb66a9ee74656469b9.jpg, 1, 0, 0, 0
Screenshot-2021-11-22-183511_png_jpg.rf.9dcb26242c8effd472a63ae35b268c7e.jpg, 0, 0, 0, 1
Screenshot-2021-11-22-202743_png_jpg.rf.9e8571442dfffdd1b1af7981b90616da.jpg, 0, 0, 0, 1
Screen-Shot-2021-11-16-at-10-02-55-PM_png_jpg.rf.9dcbe8b57a9d84d9ddd29ebb12beb6bf.jpg, 0, 0, 1, 0
k71_png_jpg.rf.9c309d8212dd3a75b9b7939195f46d79.jpg, 0, 0, 1, 0
h94_png_jpg.rf.9e46299338b770ffc76fa5467fa01f8e.jpg, 0, 1, 0, 0
Screenshot-2021-11-22-133636_png_jpg.rf.9e1fdf5eb243eb0070a166b9850a5eda.jpg, 0, 0, 0, 1
Screen-Shot-2021-11-22-at-5-17-31-PM_png_jpg.rf.9e98dfda126f3f3d187d74c1b75e98f2.jpg, 1, 0, 0, 0
h286_png_jpg.rf.a137d9818e7b12afda8f30bc24cbca5d.jpg, 0, 1, 0, 0
Screen-Shot-2021-11-16-at-10-09-53-PM_png_jpg.rf.9ebeca76687aae6c864328ae0744c8d2.jpg, 0, 0, 1, 0
semisuper_kor_338_47_774_436_1163_clinic15_img001_jpg.rf.a063eb5bdb5e73f0058f822298c613cf.jpg, 0, 1, 0, 0
16_PNG_jpg.rf.a06ad3411f8a094c252a4012d706393f.jpg, 0, 0, 1, 0
semisuper_kor_259_1075_307_1573_831_P1020538_JPG_jpg.rf.9e59587eb5094c532d8d04423b9ab7ac.jpg, 0, 1, 0, 0
Screenshot-2021-11-22-133557_png_jpg.rf.9f320b444f7da58202140028e9ddf73b.jpg, 0, 0, 0, 1
h145_png_jpg.rf.a1a7e9587ea592258e0cdb07079ac031.jpg, 0, 1, 0, 0
koilonychia-8_jpg.rf.a0ff144dec43aa13292057356d1dca48.jpg, 0, 0, 1, 0
Screenshot-2021-11-22-203619_png_jpg.rf.a070fb23f8273731ecf9bb0e39e1d982.jpg, 0, 0, 0, 1
Screen-Shot-2021-11-22-at-10-07-01-PM_png_jpg.rf.a1d322fd8e3236f930c6a5ddebb1aa84.jpg, 1, 0, 0, 0
k98_png_jpg.rf.9f2955ef75117a88180df3fc3700a485.jpg, 0, 0, 1, 0
Screenshot-2021-11-22-143745_png_jpg.rf.a3628759c86aa20e5ab47892d8db5e95.jpg, 0, 0, 0, 1
Screenshot-2021-11-22-174147_png_jpg.rf.9e86897d0f1bb314c83ee82de5e79182.jpg, 0, 1, 0, 0
k93_png_jpg.rf.a3950e6a57aee44876097e322aa934b8.jpg, 0, 0, 1, 0
Screen-Shot-2021-11-22-at-4-57-57-PM_png_jpg.rf.a38fc87071eb11c5acb3d33d0d1463f6.jpg, 1, 0, 0, 0
k160_png_jpg.rf.a47afbeefb2fe5b22d2b6a5ef8fe6b63.jpg, 0, 0, 1, 0
Screen-Shot-2021-11-22-at-5-27-22-PM_png_jpg.rf.a210a3a593c0d21428305b88f627ac09.jpg, 1, 0, 0, 0
h12_png_jpg.rf.a1632b7297af155d02cb8a6864cd80b0.jpg, 0, 1, 0, 0
Screen-Shot-2021-11-16-at-10-04-22-PM_png_jpg.rf.a075e45ef9d70832ad3f79cb6dea5923.jpg, 0, 0, 1, 0
h167_png_jpg.rf.a57364ab71e6c185416a30cfefcdf7d3.jpg, 0, 1, 0, 0
Screen-Shot-2021-11-22-at-8-54-19-PM_png_jpg.rf.a58cc0298380e7761ea877e20e6e5b0e.jpg, 1, 0, 0, 0
k111_png_jpg.rf.9bc98c7cb2bd8574edc8af1df44b6dd9.jpg, 0, 0, 1, 0
Screen-Shot-2021-11-22-at-5-19-17-PM_png_jpg.rf.a35255360c9bd8832332c80301f02b2d.jpg, 1, 0, 0, 0
Screen-Shot-2021-11-15-at-11-15-03-AM_png_jpg.rf.a70c4d53227852a6435064499df86981.jpg, 0, 1, 0, 0
Screenshot-2021-11-22-175520_png_jpg.rf.a6fb3adcd74544f285a8a1425ac85f92.jpg, 0, 0, 0, 1
Screenshot-2021-11-22-174744_png_jpg.rf.a3caaae3a5516fb9b3e9fa39dd770d4f.jpg, 0, 0, 0, 1
Screenshot-2021-11-22-133825_png_jpg.rf.a63e46bf2a85cfa0316697957b81d956.jpg, 0, 0, 0, 1
k11_png_jpg.rf.a61ac712fec0ecfcb33f4398f93c8183.jpg, 0, 0, 1, 0
Screenshot-2021-11-22-204618_png_jpg.rf.a712520b072867e7fd91ba4944d89cbe.jpg, 0, 0, 0, 1
Screenshot-2021-11-22-180644_png_jpg.rf.a6e20cfb66e0d9135a591a177fc4817d.jpg, 0, 0, 0, 1
Screen-Shot-2021-11-22-at-9-47-06-PM_png_jpg.rf.a865a7a2ed6397d8b80402fbea206739.jpg, 1, 0, 0, 0
Screenshot-2021-11-22-180958_png_jpg.rf.a304e7382f2b838a7a9b31caed99fedf.jpg, 0, 0, 0, 1
Screen-Shot-2021-11-22-at-10-40-40-PM_png_jpg.rf.a7c44077286c8ef779b4337bbbb850ac.jpg, 0, 0, 0, 1
h154_png_jpg.rf.a9858bbe3c599b6ecf8705a8ea5cfa01.jpg, 0, 1, 0, 0
h259_png_jpg.rf.aa20b21492db6fd183dee9ca819adc39.jpg, 0, 0, 0, 1
Screen-Shot-2021-11-16-at-10-10-01-PM_png_jpg.rf.a825c30bee6f8c1c663f7f6eb1298abc.jpg, 0, 0, 1, 0
h132_png_jpg.rf.a8ebde04b950e32f8e0512459f424e84.jpg, 0, 1, 0, 0
Screen-Shot-2021-11-22-at-9-46-20-PM_png_jpg.rf.a950d1a1c95193a777c80afcd67bbd97.jpg, 1, 0, 0, 0
Screen-Shot-2021-11-22-at-5-19-54-PM_png_jpg.rf.eb98419a8e44ac16657408b6f974221d.jpg, 1, 0, 0, 0
h240_png_jpg.rf.ec3b56ebb6c283e978683eb0e99a3caa.jpg, 0, 1, 0, 0
Screen-Shot-2021-11-22-at-10-55-00-PM_png_jpg.rf.eca62dcfb470fb311f22290147f1e1ec.jpg, 0, 0, 0, 1
Screenshot-2021-11-22-200414_png_jpg.rf.ed26bf99a9d0b5ea602e2ac2ffe7fced.jpg, 0, 0, 0, 1
13_PNG_jpg.rf.edcd5f9d73328d298f873d75d0320b35.jpg, 0, 0, 1, 0
k97_png_jpg.rf.ee9b1ca4654f7a083a22f94c22d94d88.jpg, 0, 0, 1, 0
h64_png_jpg.rf.ec119b45b516ceb9024ed142da7e88d4.jpg, 0, 1, 0, 0
Screen-Shot-2021-11-16-at-9-56-24-PM_png_jpg.rf.ee6c1c5e58ef1b4448d511641bf64082.jpg, 0, 0, 1, 0
Screenshot-2021-11-22-185816_png_jpg.rf.efefe50d4e4bb82cc483cd83b56b961c.jpg, 0, 0, 0, 1
semisuper_kor_975_3786_235_4700_1149_20160426_172941_jpg.rf.ebc351025777c5ca92603cb3bdd738b8.jpg, 0, 1, 0, 0
Screen-Shot-2021-10-15-at-10-39-37-AM_png_jpg.rf.efd589f7ae1916ba4d10a628cc67fc78.jpg, 1, 0, 0, 0
Screen-Shot-2021-11-22-at-11-03-32-PM_png_jpg.rf.eb4a0d6c49109c01f349c8caf0eb9852.jpg, 0, 0, 0, 1
Screen-Shot-2021-11-22-at-5-10-19-PM_png_jpg.rf.eb491e1addd10e240550964ed30e89b2.jpg, 1, 0, 0, 0
Screenshot-2021-11-22-140258_png_jpg.rf.efcc4b0a457c1861d522ee8452c629ab.jpg, 0, 0, 0, 1
1_PNG_jpg.rf.eed529464c3dc7925e6e63223869ca85.jpg, 0, 0, 1, 0
k1_png_jpg.rf.eddff4a3a43658daa6466a62e43f45c0.jpg, 0, 0, 1, 0
Screen-Shot-2021-11-22-at-10-10-18-PM_png_jpg.rf.eb7b6f403266a083babafed66c34f1f1.jpg, 1, 0, 0, 0
Screen-Shot-2021-11-16-at-10-13-35-PM_png_jpg.rf.eb956cc79bdbc4682cd598287a982ef2.jpg, 0, 0, 1, 0
Screenshot-2021-11-22-142813_png_jpg.rf.f027ac60b5321ec99b1995301eb4c7d3.jpg, 0, 0, 0, 1
k80_png_jpg.rf.f0a79d97293161edee564da65d51d2f1.jpg, 0, 0, 1, 0
k51_png_jpg.rf.f0690d5db0113a6454c31cf6e6e0cd4a.jpg, 0, 0, 1, 0
Screen-Shot-2021-11-22-at-10-09-17-PM_png_jpg.rf.ecaef1e7c053717b5c0c444dc9f2b105.jpg, 1, 0, 0, 0
25_PNG_jpg.rf.ee0cba103f7c312b4afd44ef8531fe45.jpg, 0, 0, 0, 1
semisuper_kor_531_805_623_1021_839_15259034_262275177520481_6097810218274521088_n_jpg.rf.f12c61cc447e46daa65a665627961060.jpg, 0, 1, 0, 0
k176_png_jpg.rf.f156681c96953738a1f500fb61bfd9b4.jpg, 0, 0, 1, 0
h164_png_jpg.rf.f1f65fc53e6a880e0fe02263993fc060.jpg, 0, 1, 0, 0
Screen-Shot-2021-11-22-at-10-09-35-PM_png_jpg.rf.f38216d8b6b4fb0d0dd6718fa76d1e73.jpg, 1, 0, 0, 0
Screen-Shot-2021-11-22-at-4-52-19-PM_png_jpg.rf.f2a1988a5c4229a9aa6d4acf3eef0682.jpg, 1, 0, 0, 0
Screen-Shot-2021-11-22-at-8-15-43-PM_png_jpg.rf.f277ad11f0f7c6329c892f8da7ea6645.jpg, 1, 0, 0, 0
Screenshot-2021-11-22-202353_png_jpg.rf.f38b1d779c8754f7d9446473fe4c89a8.jpg, 0, 0, 0, 1
h41_png_jpg.rf.f2c5de21ed0cf1f58d99166cd87b6ba5.jpg, 0, 1, 0, 0
Screenshot-2021-11-22-174530_png_jpg.rf.f373b11b9fb7501a68aabc008ae4ea91.jpg, 0, 0, 0, 1
Screen-Shot-2021-11-15-at-2-26-31-PM_png_jpg.rf.f4e7b3fe2b0153c61f3407d38a40a9b9.jpg, 0, 1, 0, 0
Screen-Shot-2021-11-22-at-9-05-44-PM_png_jpg.rf.f2f222c54fe71f1af22c480118c93c4e.jpg, 1, 0, 0, 0
h144_png_jpg.rf.f56301351530ba0f31caa7fd7c1dd492.jpg, 0, 1, 0, 0
Screen-Shot-2021-10-15-at-11-10-19-AM_png_jpg.rf.f6bb43e9fdd96c0fbde2116b896bfeec.jpg, 1, 0, 0, 0
Screen-Shot-2021-11-16-at-9-59-59-PM_png_jpg.rf.f382bfc5d6ab628078784cf6f4d70eab.jpg, 0, 0, 1, 0
k196_png_jpg.rf.f561a5dbfe77aeba3e98f356e732ced2.jpg, 0, 0, 1, 0
Screen-Shot-2021-10-15-at-10-43-43-AM_png_jpg.rf.f214ed100c26b495763ea49ac66b1c5b.jpg, 1, 0, 0, 0
Screen-Shot-2021-11-16-at-10-15-37-PM_png_jpg.rf.f58a0b482ba63e3cde4867e5f5d1266a.jpg, 0, 0, 1, 0
Screen-Shot-2021-11-16-at-10-09-39-PM_png_jpg.rf.f62faac30c20c0dde90d557633d253ac.jpg, 0, 0, 1, 0
Screenshot-2021-11-22-140832_png_jpg.rf.f432b087014c60866c279152bf4955ad.jpg, 0, 0, 0, 1
Screen-Shot-2021-11-22-at-11-22-24-PM_png_jpg.rf.f570522b0abecd21ac00378fb66dfb53.jpg, 0, 0, 0, 1
Screenshot-2021-11-22-174609_png_jpg.rf.f552f130db0a1b3c33323f78c7a8e3c9.jpg, 0, 0, 0, 1
Screenshot-2021-11-22-201443_png_jpg.rf.f367eacb28907c4687fecfeb7da21416.jpg, 0, 0, 0, 1
h173_png_jpg.rf.f5bb95f94b761160a0cd8b02f988a795.jpg, 0, 1, 0, 0
k18_png_jpg.rf.f71523c31ce19d65d5655f9aef7c331d.jpg, 0, 0, 1, 0
h147_png_jpg.rf.f552157ef249282cf83af3d955064e75.jpg, 0, 1, 0, 0
14_PNG_jpg.rf.f6fc9bc2d778579eecb87c820bc5de7d.jpg, 0, 0, 1, 0
h266_png_jpg.rf.f73b0f0c13f15f565025d5e8abd77af1.jpg, 0, 1, 0, 0
h45_png_jpg.rf.f5fbae1a3e1b3439921c70cfd1519b9f.jpg, 0, 1, 0, 0
h59_png_jpg.rf.f707ee967e09128949429376c797f4c0.jpg, 0, 1, 0, 0
Screenshot-2021-11-22-131432_png_jpg.rf.f5b4a7176607db93485debf4c562ee2b.jpg, 0, 0, 0, 1
Screen-Shot-2021-11-22-at-5-25-59-PM_png_jpg.rf.f4632cbf80e3cf68993f4d59c4c28c4c.jpg, 1, 0, 0, 0
terry-nails-1_jpg.rf.f76ecd1470f09373bdff0e5ecca19074.jpg, 0, 0, 0, 1
h223_png_jpg.rf.f7ce40145aacbbd118e0bb134a91fe09.jpg, 0, 1, 0, 0
k74_png_jpg.rf.f85f877c406fee0265728e05feb7669a.jpg, 0, 0, 1, 0
semisuper_kor_194_311_12_534_236_Anwhawhdfb_jpg.rf.f93d9973b002e62cfbc81b15d3b6ec85.jpg, 0, 1, 0, 0
Screenshot-2021-11-22-131713_png_jpg.rf.f9a55f3679856b72e5b8f80f03ef15dd.jpg, 0, 0, 0, 1
34_PNG_jpg.rf.f982932dc33fc23b3aba4c9d62d035bf.jpg, 0, 0, 1, 0
k29_png_jpg.rf.f9704561618862d77ebd3047f50b9202.jpg, 0, 0, 1, 0
Screenshot-2021-11-22-144529_png_jpg.rf.f91b9350ea869437afe284fc12431c10.jpg, 0, 0, 0, 1
Screen-Shot-2021-10-15-at-10-45-45-AM_png_jpg.rf.fa9769bdd276686b2f20086b5fe994cf.jpg, 1, 0, 0, 0
k82_png_jpg.rf.fa4e4de2e11be683e0ce957283f538eb.jpg, 0, 0, 1, 0
Screen-Shot-2021-11-22-at-11-08-21-PM_png_jpg.rf.f7ea34fdee354ea96505b91cf55d408c.jpg, 0, 0, 0, 1
semisuper_kor_212_1334_766_1954_1386_pedicure-m_jpg.rf.fa9b59fb367a0384b7e8481e15669c0c.jpg, 0, 1, 0, 0
Screen-Shot-2021-11-16-at-10-04-16-PM_png_jpg.rf.f9b49a0420ff49fb08994c7f97b2afef.jpg, 0, 0, 1, 0
h68_png_jpg.rf.f9f8b1ea8c096c47c77c1b351f2a02fe.jpg, 0, 1, 0, 0
Screenshot-2021-11-22-142734_png_jpg.rf.fa81b2d819e885f5f698ba8531c605ed.jpg, 0, 0, 0, 1
koilonychia-9_jpg.rf.f9078092f38fc4b8c01e956b58ee3ae7.jpg, 0, 0, 1, 0
h115_png_jpg.rf.fb57328914fd13c3e970173c673eed49.jpg, 0, 1, 0, 0
Screen-Shot-2021-11-22-at-10-06-37-PM_png_jpg.rf.fb7bb17959775789ef59ded135ba9ac1.jpg, 1, 0, 0, 0
semisuper_kor_213_1447_2877_1994_3425_pedicure-m_jpg.rf.fb0abc3b7426e44d48313824619bbc40.jpg, 0, 1, 0, 0
29_PNG_jpg.rf.fa770b5c47fee5535df1948d1230beb2.jpg, 0, 0, 1, 0
Screen-Shot-2021-11-16-at-9-57-39-PM_png_jpg.rf.f8e6716a0cb7cf2c54c70ce8b4c456af.jpg, 0, 0, 1, 0
Screen-Shot-2021-11-22-at-10-47-52-PM_png_jpg.rf.fb849557d8a38717c98bec4911212d47.jpg, 0, 0, 0, 1
k141_png_jpg.rf.fb402420ff5c0e93cb779d7d1276fb12.jpg, 0, 0, 1, 0
Screen-Shot-2021-11-22-at-10-47-46-PM_png_jpg.rf.f79768172fc2ad73fd3dd7266175693a.jpg, 0, 0, 0, 1
Screen-Shot-2021-11-15-at-11-13-47-AM_png_jpg.rf.fb5c8cd78bdf07adc17e46a51fe18395.jpg, 0, 1, 0, 0
h13_png_jpg.rf.f9c23e389896e0ef55df9734b59f9785.jpg, 0, 1, 0, 0
Screenshot-2021-11-22-142557_png_jpg.rf.fc07dca4e685f9360f0d892a4d6fae20.jpg, 0, 0, 0, 1
10_PNG_jpg.rf.fc321f5ce5170e4dcfafb9149654f597.jpg, 0, 0, 1, 0
h174_png_jpg.rf.fbac6979f850f69dd22bdb55b3499d0a.jpg, 0, 1, 0, 0
Screen-Shot-2021-11-16-at-10-03-57-PM_png_jpg.rf.fc0bb5cccd5d615316c664c643b5f2ae.jpg, 0, 0, 1, 0
k180_png_jpg.rf.fc0d3901d66f745a0424dd501b7083b1.jpg, 0, 0, 1, 0
Screen-Shot-2021-11-22-at-10-55-40-PM_png_jpg.rf.fbf8d2d1b0e0bf6a33227946f68142a7.jpg, 0, 0, 0, 1
k143_png_jpg.rf.fbc6b0ad440d3c7b700a743d96bcb272.jpg, 0, 0, 1, 0
Screen-Shot-2021-11-22-at-4-49-42-PM_png_jpg.rf.fcc3e4d982e2da98aa538ecdf6b5c9c9.jpg, 1, 0, 0, 0
h65_png_jpg.rf.fba6c1954f8aa1554bffe16b31c1f51f.jpg, 0, 1, 0, 0
Screen-Shot-2021-10-15-at-9-30-55-AM_png_jpg.rf.fd27c57b97c07ded9c2b3487ca9cc3b9.jpg, 1, 0, 0, 0
h18_png_jpg.rf.fc9848cc8b79243035eaab16b9d2fbb2.jpg, 0, 1, 0, 0
koilonychia-15_jpg.rf.fd994646be952c26c6f3ee376d65ee30.jpg, 0, 0, 1, 0
Screen-Shot-2021-11-22-at-9-50-05-PM_png_jpg.rf.fa9d3eabd79b5cd38fcc8eea94a2f3d6.jpg, 1, 0, 0, 0
Screenshot-2021-11-22-201501_png_jpg.rf.ff90a0a9d95bda8f5ff122b2cc4fa6fb.jpg, 0, 0, 0, 1
h268_png_jpg.rf.fde328a08a756563d6ba595e93d380ee.jpg, 0, 1, 0, 0
Screen-Shot-2021-11-16-at-10-13-51-PM_png_jpg.rf.fea908f9cd71b01adc0753f00bea65c5.jpg, 0, 0, 1, 0
23_PNG_jpg.rf.ff1ce0386cacbc418bde0bb8d6b4428c.jpg, 0, 0, 1, 0
Screen-Shot-2021-11-22-at-9-21-08-PM_png_jpg.rf.ff38b793fe7207c58757bee2768da68e.jpg, 1, 0, 0, 0
Screen-Shot-2021-10-15-at-10-51-21-AM_png_jpg.rf.fd997e23aeadc72397a25f995dae29b9.jpg, 1, 0, 0, 0
Screenshot-2021-11-22-143530_png_jpg.rf.fd6d1462f836958f143186a7e3a029db.jpg, 0, 0, 0, 1
Screenshot-2021-11-22-201149_png_jpg.rf.feeed7a4132733b5e76235f30eab74c4.jpg, 0, 0, 0, 1
Screen-Shot-2021-11-22-at-10-47-49-PM_png_jpg.rf.fdcc3b9617b432320d95a4abb14c7d64.jpg, 0, 0, 0, 1
k174_png_jpg.rf.00341b936ef3e636394968a412b67470.jpg, 0, 0, 1, 0
Screen-Shot-2021-11-22-at-10-05-11-PM_png_jpg.rf.007749cf28e9be5ff9750acbdd96f2da.jpg, 1, 0, 0, 0
20_PNG_jpg.rf.001fc07b8eac35d137743125bcfb1973.jpg, 1, 0, 0, 0
Screenshot-2021-11-22-142718_png_jpg.rf.01a221b66c5f31d07975fa5bcf12fa43.jpg, 0, 0, 0, 1
Screen-Shot-2021-11-22-at-8-58-21-PM_png_jpg.rf.006d03b9d56ec948fae9337896b25fc3.jpg, 1, 0, 0, 0
koilonychia-156_jpg.rf.0157fefc3c37c71515dde5c998870b0e.jpg, 0, 0, 1, 0
semisuper_jpn_516_76_351_441_715_mizumusiasinoyubi2_jpg.rf.01a8c75729d42f7836b881285714c2c6.jpg, 0, 1, 0, 0
Screenshot-2021-11-22-143336_png_jpg.rf.03b630b3de6b35dfcb3617d84436905e.jpg, 0, 0, 0, 1
Screen-Shot-2021-10-15-at-10-45-38-AM_png_jpg.rf.04b6448c5142e59ebd768bb5ecb8123f.jpg, 1, 0, 0, 0
Screen-Shot-2021-11-15-at-11-17-02-AM_png_jpg.rf.044178b49f3fc55e2668ad308377770b.jpg, 0, 1, 0, 0
Screen-Shot-2021-10-15-at-10-36-37-AM_png_jpg.rf.014b7cb232ca92a53e0cd6c924c863db.jpg, 1, 0, 0, 0
Screen-Shot-2021-11-22-at-9-53-45-PM_png_jpg.rf.02c255ab6dbe1ff9c26490d5d252bf78.jpg, 1, 0, 0, 0
k8_png_jpg.rf.03b48f6fdf2d8925c0b8d41a2e75d0d5.jpg, 0, 0, 1, 0
k36_png_jpg.rf.02ac2718bceded455af4e907e1a855fd.jpg, 0, 0, 1, 0
Screen-Shot-2021-11-22-at-8-56-43-PM_png_jpg.rf.01c7b42c31dce144faec95bcc80b225d.jpg, 1, 0, 0, 0
k177_png_jpg.rf.049e0df5868af9838e58ac2f12dcb966.jpg, 0, 0, 1, 0
Screen-Shot-2021-11-22-at-8-14-30-PM_png_jpg.rf.04bdf964df5fa2ad3c72d09a642e571d.jpg, 1, 0, 0, 0
k50_png_jpg.rf.051543a22e3e873e60f988e51cd086b6.jpg, 0, 0, 1, 0
Screen-Shot-2021-11-15-at-12-48-44-PM_png_jpg.rf.00995c15580a3756783a83ce2541aa07.jpg, 0, 1, 0, 0
h126_png_jpg.rf.02b8c7ed4164172a2491946984b867a7.jpg, 0, 1, 0, 0
h78_png_jpg.rf.051af36ed4a83c515aeef088ad2ca09c.jpg, 0, 1, 0, 0
Screen-Shot-2021-11-22-at-11-22-27-PM_png_jpg.rf.0508b62ae5b057085bab78b4156b9625.jpg, 0, 0, 0, 1
semisuper_kor_528_283_662_511_890_15259034_262275177520481_6097810218274521088_n_jpg.rf.05355ca5c4a8bbc33079c0ddf97613d6.jpg, 0, 1, 0, 0
Screen-Shot-2021-10-15-at-10-40-07-AM_png_jpg.rf.05b9766aa4156f2738807f57bf9f921c.jpg, 1, 0, 0, 0
Screen-Shot-2021-11-22-at-10-46-06-PM_png_jpg.rf.01d145b4d29628025c2c6ddef0274e85.jpg, 0, 0, 0, 1
Screenshot-2021-11-22-143646_png_jpg.rf.04d738f753d52ec1e86c61745a2ba0e9.jpg, 0, 0, 0, 1
21_PNG_jpg.rf.05b10be9b6cc07f2d17fd78bb5464d3f.jpg, 1, 0, 0, 0
semisuper_kor_530_618_144_847_373_15259034_262275177520481_6097810218274521088_n_jpg.rf.063868254b96a6cae19b5e804d310750.jpg, 0, 1, 0, 0
Screen-Shot-2021-10-15-at-9-40-58-AM_png_jpg.rf.0638370da168ca0502a4f129f13f008b.jpg, 1, 0, 0, 0
Screen-Shot-2021-11-22-at-8-25-04-PM_png_jpg.rf.07e7204dae93133b33f2630849819c20.jpg, 1, 0, 0, 0
Screen-Shot-2021-11-22-at-5-19-05-PM_png_jpg.rf.082a873befa907e97d3297c4c3ffee4d.jpg, 1, 0, 0, 0
k201_png_jpg.rf.068e076a5d1010e76f4433670b45edf9.jpg, 0, 0, 1, 0
h138_png_jpg.rf.063fc09071d10ce2414971104ff7dde9.jpg, 0, 1, 0, 0
h28_png_jpg.rf.06752e1c41e9761f8bf969af5a942444.jpg, 0, 1, 0, 0
22_PNG_jpg.rf.05bdbd11a425aac8cc838ea598c623e2.jpg, 1, 0, 0, 0
Screen-Shot-2021-10-15-at-10-36-19-AM_png_jpg.rf.07fa2c0199b88a549ea3cb2fc832b5b4.jpg, 1, 0, 0, 0
koilonychia-1_jpg.rf.096193f444c2f54f7c230e08ff613666.jpg, 0, 0, 1, 0
k27_png_jpg.rf.09428edaf6dfbd2f8c5372d95a944b53.jpg, 0, 0, 1, 0
h109_png_jpg.rf.09e43cd436c8afcb99ff4fd84d813486.jpg, 0, 1, 0, 0
Screen-Shot-2021-11-16-at-10-02-36-PM_png_jpg.rf.09a9872cc78e348f1a5331ac91922abb.jpg, 0, 0, 1, 0
Screenshot-2021-11-22-200252_png_jpg.rf.0acdbd849f6fcbb9ea6022c31b87995c.jpg, 0, 0, 0, 1
h161_png_jpg.rf.06d4e424321d5b4eea295e942df47041.jpg, 0, 1, 0, 0
k110_png_jpg.rf.08b9b403f0a845aec898377039233d26.jpg, 0, 0, 1, 0
Screenshot-2021-11-22-204009_png_jpg.rf.0a2412d834b8d6b8b43c94e4c4b075c5.jpg, 0, 0, 0, 1
k189_png_jpg.rf.0a4ab471eba034dec4ec24cb220a3cd0.jpg, 0, 0, 1, 0
Screen-Shot-2021-11-22-at-5-05-41-PM_png_jpg.rf.0b35cd52a02cc87626f2d4b31904138a.jpg, 1, 0, 0, 0
22_PNG_jpg.rf.051f3111f5c89b5ea277a8c4de597f2d.jpg, 0, 0, 0, 1
k86_png_jpg.rf.0b8c03b995fe7687bf4f77dfe079911f.jpg, 0, 0, 1, 0
Screenshot-2021-11-22-202448_png_jpg.rf.06bc1d677ce59509eb22875f98d6a37a.jpg, 0, 0, 0, 1
Screenshot-2021-11-22-203410_png_jpg.rf.0b1789d5bb541d68d6ad989c095efcbb.jpg, 0, 0, 0, 1
Screen-Shot-2021-10-15-at-11-05-11-AM_png_jpg.rf.0cf8d91e80d66408a5e620cd0b3e2630.jpg, 1, 0, 0, 0
12_PNG_jpg.rf.0b759fcc637b96083f9a97f997008693.jpg, 0, 0, 1, 0
Screen-Shot-2021-11-22-at-5-21-25-PM_png_jpg.rf.0b1255672fb35974654588f34b6bb4e3.jpg, 1, 0, 0, 0
Screen-Shot-2021-11-22-at-9-48-12-PM_png_jpg.rf.09eb3720c1a46ff29b36ef506e26a3c3.jpg, 1, 0, 0, 0
k39_png_jpg.rf.0e6eba0efe25bf4cb7e84a537a2a2f6b.jpg, 0, 0, 1, 0
Screenshot-2021-11-22-140338_png_jpg.rf.0df2b82ad3d142e7e288fab6c65f2cfe.jpg, 0, 0, 0, 1
Screen-Shot-2021-11-15-at-12-48-32-PM_png_jpg.rf.0f0e6444c53dfcbee11523b9bf92e5cd.jpg, 0, 1, 0, 0
k41_png_jpg.rf.0f1b1b101202bb258fc25b9ee136ecaf.jpg, 0, 0, 1, 0
Screen-Shot-2021-11-22-at-9-47-46-PM_png_jpg.rf.1124254cb5061d0f4c5803eaaf2261ab.jpg, 1, 0, 0, 0
Screen-Shot-2021-11-22-at-8-22-55-PM_png_jpg.rf.109318fc9016803605f83dddf856aba1.jpg, 1, 0, 0, 0
semisuper_kor_516_130_554_406_831_495_JPG_jpg.rf.0e678bb755331d0ff8c8d7f48322c4bb.jpg, 0, 1, 0, 0
h207_png_jpg.rf.1273d8c4a2f1006c20f225ab2df2d9c0.jpg, 0, 1, 0, 0
h83_png_jpg.rf.0dda4231363a2c08ccb1980e2c3bb1a0.jpg, 0, 1, 0, 0
Screenshot-2021-11-22-174229_png_jpg.rf.140554d2e066b82e86cf725785849e1b.jpg, 0, 0, 0, 1
k168_png_jpg.rf.1321959c4c2a03a7c8d80de190142386.jpg, 0, 0, 1, 0
k85_png_jpg.rf.11f45843538280402ca2967c17989fc2.jpg, 0, 0, 1, 0
h62_png_jpg.rf.14b51055e2be920610e32cd80b118576.jpg, 0, 1, 0, 0
Screen-Shot-2021-11-22-at-9-05-38-PM_png_jpg.rf.11cd02e4b9e344471498c05d0b300952.jpg, 1, 0, 0, 0
Screen-Shot-2021-11-22-at-10-45-31-PM_png_jpg.rf.0f816cfac297d18f564a32edfdc88a91.jpg, 0, 0, 0, 1
Screenshot-2021-11-22-203451_png_jpg.rf.155e4e339a40f31ce01395ef522e2067.jpg, 0, 0, 0, 1
k115_png_jpg.rf.0f9836d0b0764c60d68a68ac09dc82b2.jpg, 0, 0, 1, 0
Screenshot-2021-11-22-143946_png_jpg.rf.11708aa5effc89817b8204239f3a21f2.jpg, 0, 0, 0, 1
Screenshot-2021-11-22-144343_png_jpg.rf.145adcb11a78938d0a022aea68e9edaa.jpg, 0, 0, 0, 1
h284_png_jpg.rf.153de8b3bd11fb1ec4eda9e8e5ddf4c3.jpg, 0, 1, 0, 0
Screenshot-2021-11-22-174716_png_jpg.rf.13e09c0f1d805a8311bc919523d87748.jpg, 0, 0, 0, 1
Screenshot-2021-11-22-175116_png_jpg.rf.1515325af8e2c93e4f84d3d4b166fc13.jpg, 0, 0, 0, 1
Screen-Shot-2021-11-15-at-12-51-24-PM_png_jpg.rf.154e0f565916bf726632eda81a3332b7.jpg, 0, 1, 0, 0
h16_png_jpg.rf.14b28065c2346d319942a1dcb02a7403.jpg, 0, 1, 0, 0
semisuper_jpn_570_329_21_538_230_20130421151800_jpg.rf.143cae95506611fe4822868563f71fa8.jpg, 0, 1, 0, 0
Screen-Shot-2021-11-22-at-11-04-24-PM_png_jpg.rf.16dc0d736090822cd6b66594f026eb51.jpg, 0, 0, 0, 1
h9_png_jpg.rf.15c75dfc0c660be56db13a8885e0e5eb.jpg, 0, 1, 0, 0
30_PNG_jpg.rf.169fb0f048f84fa16b0027c750e7e4d4.jpg, 0, 0, 0, 1
Screen-Shot-2021-11-22-at-5-27-36-PM_png_jpg.rf.17a55b9e1b958fce242cae206d73c375.jpg, 1, 0, 0, 0
h256_png_jpg.rf.1680e6424fad35963d69cd796b1dfa8c.jpg, 0, 0, 0, 1
Screenshot-2021-11-22-134107_png_jpg.rf.167e0124cf31bc121f3753dba1f2d967.jpg, 0, 0, 0, 1
h108_png_jpg.rf.187ca9ebeb383b8ee54a9d1d48310e3c.jpg, 0, 1, 0, 0
h61_png_jpg.rf.1929429fafcd920d75c206e5e89a875a.jpg, 0, 1, 0, 0
Screenshot-2021-11-22-192135_png_jpg.rf.199df16c2cc7721251ba1e97a32755e7.jpg, 0, 0, 0, 1
Screenshot-2021-11-22-200523_png_jpg.rf.1828f3e01b103142bc7be55cb41d0b87.jpg, 0, 0, 0, 1
Screenshot-2021-11-22-201556_png_jpg.rf.1b966f40678ae4fc4d3858d7c6aadce5.jpg, 0, 0, 0, 1
h85_png_jpg.rf.1b6065f2fa44175880d3974804663ce8.jpg, 0, 1, 0, 0
h265_png_jpg.rf.15c047edd6fe0c784c2b97f5eceb218f.jpg, 0, 1, 0, 0
koilonychia-16_jpg.rf.18e6865b2b6a3129accfdb679b647336.jpg, 0, 0, 1, 0
Screenshot-2021-11-22-185748_png_jpg.rf.1a890b9f91445b3190a1156c03701c03.jpg, 0, 0, 0, 1
k165_png_jpg.rf.1c2ef8b3ed3ddcbaf88e5d918c2f948b.jpg, 0, 0, 1, 0
Screen-Shot-2021-11-22-at-5-10-07-PM_png_jpg.rf.1c0548cbb6937701f9b406256352bd51.jpg, 1, 0, 0, 0
Screen-Shot-2021-11-22-at-9-06-52-PM_png_jpg.rf.1bff36e5af01eedff78d5b8faaf7b2f5.jpg, 1, 0, 0, 0
36_PNG_jpg.rf.1babbb5a5b3ed7d915baf97b83eeed94.jpg, 0, 0, 1, 0
36_PNG_jpg.rf.193a286d226d2dff9adc8cb02fe1cbf6.jpg, 0, 0, 0, 1
Screen-Shot-2021-11-22-at-5-29-02-PM_png_jpg.rf.19f0939b02633f55bedffe3746e8f46b.jpg, 1, 0, 0, 0
Screen-Shot-2021-11-15-at-11-17-29-AM_png_jpg.rf.18c03cbcc0754ca24fc469556f6c4f0e.jpg, 0, 1, 0, 0
Screen-Shot-2021-11-22-at-5-03-11-PM_png_jpg.rf.19b20c10122aa169dd4cea42cfdaf010.jpg, 1, 0, 0, 0
h267_png_jpg.rf.1cbae1fe57583c746ee45162e8f09bcc.jpg, 0, 1, 0, 0
Screen-Shot-2021-11-22-at-5-19-45-PM_png_jpg.rf.1ac8a092788b0bfacdfdb0d91ccc26d6.jpg, 1, 0, 0, 0
Screen-Shot-2021-10-15-at-10-38-58-AM_png_jpg.rf.1908a8f439c52312ea427b02453c56a5.jpg, 1, 0, 0, 0
semisuper_kor_239_744_237_960_453_2684476814_d3c2988533_o_d_jpg.rf.1c64c3f5d21685b0329636d74ac7f955.jpg, 0, 1, 0, 0
h130_png_jpg.rf.1962cd735997aed25e166a21f697fc49.jpg, 0, 1, 0, 0
Screen-Shot-2021-11-15-at-11-13-53-AM_png_jpg.rf.1cbdb7f662f85e4f3712fe87da945f27.jpg, 0, 1, 0, 0
h63_png_jpg.rf.1bbab1f0c30eda4e7d3a24b9b28d86da.jpg, 0, 1, 0, 0
k116_png_jpg.rf.1c870c458cbfb492bdd5bba12931e8b4.jpg, 0, 0, 1, 0
Screen-Shot-2021-11-22-at-9-52-25-PM_png_jpg.rf.1cc635cdcdf7f52f9472eeee1c08d9df.jpg, 1, 0, 0, 0
Screen-Shot-2021-11-22-at-11-08-49-PM_png_jpg.rf.1cf0f9a7bd14f077b414778968434473.jpg, 0, 0, 0, 1
Screen-Shot-2021-11-15-at-12-51-44-PM_png_jpg.rf.1ed3aa0bbae9535005846ea1a9984ab6.jpg, 0, 1, 0, 0
Screenshot-2021-11-22-144741_png_jpg.rf.1cf6512147b16bda53a13d5d68c2df30.jpg, 0, 0, 0, 1
k123_png_jpg.rf.1f789f90734f403c4c9527adbe7edbd1.jpg, 0, 0, 1, 0
Screenshot-2021-11-22-204207_png_jpg.rf.1dd995e102951544acd2cba6799fcc70.jpg, 0, 0, 0, 1
Screen-Shot-2021-11-16-at-9-52-44-PM_png_jpg.rf.22491631ca4e60900985208b202cbd42.jpg, 0, 0, 1, 0
Screenshot-2021-11-22-202514_png_jpg.rf.1cd718dd507b1a413db60847fcc4c9f4.jpg, 0, 0, 0, 1
k169_png_jpg.rf.239c3fae1fe0a8be9f6c9924060bbdf7.jpg, 0, 0, 1, 0
Screenshot-2021-11-22-204430_png_jpg.rf.1f5ec24d53cd1ac0997533a004ee8fbc.jpg, 0, 0, 0, 1
k47_png_jpg.rf.21431d0b9cc36363f7f0e3bf7fac3c6c.jpg, 0, 0, 1, 0
koilonychia-5_jpg.rf.2358118a1ce6486075e1a80f613e75e6.jpg, 0, 0, 1, 0
29_PNG_jpg.rf.2333a74c6edc2ba5b13f049c1d79b7a2.jpg, 0, 0, 0, 1
h245_png_jpg.rf.22a7f1d9b57f475438560aa46f9e289a.jpg, 0, 1, 0, 0
Screen-Shot-2021-11-22-at-9-07-07-PM_png_jpg.rf.227bf2c290ac35037e46db9bc533958b.jpg, 1, 0, 0, 0
k113_png_jpg.rf.218dc9eec47c7ae6bf7739acf4f12030.jpg, 0, 0, 1, 0
Screen-Shot-2021-11-22-at-5-06-07-PM_png_jpg.rf.20b54c4b8037a13d4826816e41008546.jpg, 1, 0, 0, 0
h158_png_jpg.rf.ac4673244a96fbab9f8b63fe2e74dd69.jpg, 0, 1, 0, 0
Screenshot-2021-11-22-183532_png_jpg.rf.aada60a1f7a43fddf4e5469d1d9ab8bf.jpg, 0, 0, 0, 1
Screen-Shot-2021-10-15-at-10-36-41-AM_png_jpg.rf.aaf5f4f0549ba90947bc0ce9903ceffa.jpg, 1, 0, 0, 0
k153_png_jpg.rf.aaa3746f6212519f27f305a713893c14.jpg, 0, 0, 1, 0
h56_png_jpg.rf.aca9f65c561644498dd02b879dcf8286.jpg, 0, 1, 0, 0
h48_png_jpg.rf.aa7564693b66164648da1ea3ba17e5ca.jpg, 0, 1, 0, 0
h8_png_jpg.rf.ac84e6c1be9e99c7876225e9617be030.jpg, 0, 1, 0, 0
Screen-Shot-2021-11-22-at-9-47-53-PM_png_jpg.rf.ae7b943284e9a729fd467c69b8239c4e.jpg, 1, 0, 0, 0
Screenshot-2021-11-22-204339_png_jpg.rf.afe98467dd01d32bd923f56904c6172c.jpg, 0, 0, 0, 1
semisuper_jpn_213_1094_619_1486_955__E7_88_AA_E3_81_AE_E3_81_B8_E3_81_93_E3_81_BF_jpg.rf.ae97a1731e3bcbd576733573fa9068d4.jpg, 0, 1, 0, 0
Screen-Shot-2021-10-15-at-10-38-53-AM_png_jpg.rf.b05ed9b0fd8d0a7bcd88c42232cda9b1.jpg, 1, 0, 0, 0
k202_png_jpg.rf.afd134057936d4380e63fbaf9ec06a7e.jpg, 0, 0, 1, 0
Screenshot-2021-11-22-203009_png_jpg.rf.ada34f1cf034cbf1f4661e2ea8f43cd8.jpg, 0, 0, 0, 1
Screen-Shot-2021-11-15-at-12-51-04-PM_png_jpg.rf.aec71169dc38f8ed4a70119eae4f70c7.jpg, 0, 1, 0, 0
k42_png_jpg.rf.ae066b198ae68877b7dc5f78d44db224.jpg, 0, 0, 1, 0
Screen-Shot-2021-11-22-at-9-07-03-PM_png_jpg.rf.acf89c9902049e23057ce4dfa148814a.jpg, 1, 0, 0, 0
semisuper_kor_458_535_672_729_882_images_q-tbn_ANd9GcRaZiKq0JZXE5xC_LXC6Skp9ddKfUWbOy_vwn3KUsYKqWXcorhj_jpg.rf.af1779a19cca04bc659c73ba5447d109.jpg, 0, 1, 0, 0
Screen-Shot-2021-11-22-at-5-03-08-PM_png_jpg.rf.ac6da9ad5d8ab72d1fa1dd7021f7676a.jpg, 1, 0, 0, 0
h97_png_jpg.rf.ab77e9444cacb6c20259f172ad26a3dd.jpg, 0, 1, 0, 0
Screenshot-2021-11-22-202400_png_jpg.rf.aabf93d60c13aa18f1f8f030c6b81315.jpg, 0, 0, 0, 1
h89_png_jpg.rf.b0b7ba87a6e63ecab6b103a5262842cc.jpg, 0, 1, 0, 0
Screenshot-2021-11-22-204029_png_jpg.rf.afbad21510b2befff2464e8beae9fdfc.jpg, 0, 0, 0, 1
Screen-Shot-2021-11-22-at-10-47-09-PM_png_jpg.rf.b0b3958e1b474f90721a04a5f0a46261.jpg, 0, 0, 0, 1
Screen-Shot-2021-11-22-at-9-50-08-PM_png_jpg.rf.af7c540f5e5ff58b92b7be7f441418e6.jpg, 1, 0, 0, 0
Screen-Shot-2021-11-22-at-5-27-42-PM_png_jpg.rf.af9bc6f1d1ab64da3afcb30f152123b5.jpg, 1, 0, 0, 0
3_PNG_jpg.rf.b14c7402042c3456b60e169dbf79a0df.jpg, 0, 0, 0, 1
Screenshot-2021-11-22-202528_png_jpg.rf.b38aced2a7c64bcbedf046b276ceae73.jpg, 0, 0, 0, 1
h198_png_jpg.rf.b2dbc8648fe878422fb39ec5a0c119d6.jpg, 0, 1, 0, 0
h5_png_jpg.rf.b2d50040174b645fa43d53bf25a71beb.jpg, 0, 1, 0, 0
k150_png_jpg.rf.b278909191da50c220371215fbcb04a5.jpg, 0, 0, 1, 0
Screen-Shot-2021-11-22-at-9-21-16-PM_png_jpg.rf.b2234678a29084c4ff4d59418020f595.jpg, 1, 0, 0, 0
Screen-Shot-2021-11-15-at-10-56-13-AM_png_jpg.rf.b467d619239685b22ead970522771e00.jpg, 0, 1, 0, 0
6_PNG_jpg.rf.b7b873ed254961c9e7d0455824319690.jpg, 0, 0, 0, 1
Screenshot-2021-11-22-202617_png_jpg.rf.b4a0b77ece8eb892cfb2a1784e547689.jpg, 0, 0, 0, 1
h1_png_jpg.rf.b4ca769cee0c0ff9de9282fb4ce1fc7f.jpg, 0, 1, 0, 0
Screen-Shot-2021-11-22-at-5-18-25-PM_png_jpg.rf.b1e8e44195bf049064e6714c92cea5dd.jpg, 1, 0, 0, 0
h184_png_jpg.rf.b44285c273a01de4b0330cfca231bef6.jpg, 0, 1, 0, 0
Screen-Shot-2021-11-22-at-8-51-05-PM_png_jpg.rf.b5ca9c85a46f1a5042eee719ac222330.jpg, 1, 0, 0, 0
Screen-Shot-2021-11-22-at-11-14-23-PM_png_jpg.rf.b3ae7323ac579006d73deac396a767a1.jpg, 0, 0, 0, 1
k164_png_jpg.rf.b43db282e27cdc8dbae61b102d7cf08a.jpg, 0, 0, 1, 0
h93_png_jpg.rf.b7f4155b13efa4373b0b8e86e8e304e3.jpg, 0, 1, 0, 0
images-N7dPbf_jpeg_jpg.rf.b7aed04af227cd56fcf396990083cad1.jpg, 0, 0, 0, 1
k49_png_jpg.rf.b6f338d3e4141c8d7594b2b3ee162bbc.jpg, 0, 0, 1, 0
k101_png_jpg.rf.b5d792166ddaa4ab5a7e4f1577c07a3e.jpg, 0, 0, 1, 0
Screen-Shot-2021-11-16-at-10-01-10-PM_png_jpg.rf.b8be5bdc9f57d192fe54684a3401f8a9.jpg, 0, 0, 1, 0
Screenshot-2021-11-22-174543_png_jpg.rf.b13b147acbe24c15b2a422cd84e79e06.jpg, 0, 0, 0, 1
13_PNG_jpg.rf.b6507929008bb70f6ba58db699fce36d.jpg, 0, 0, 0, 1
Screenshot-2021-11-22-133239_png_jpg.rf.b62a855b7c9d912df2588e2ade21a1c0.jpg, 0, 0, 0, 1
16_PNG_jpg.rf.b8c139405352330650919e4672483458.jpg, 1, 0, 0, 0
Screen-Shot-2021-10-15-at-10-51-25-AM_png_jpg.rf.b694a302996ee98f67320423c7d30fd0.jpg, 1, 0, 0, 0
Screenshot-2021-11-22-144815_png_jpg.rf.b8690043956626a459b6792be595948b.jpg, 0, 0, 0, 1
Screen-Shot-2021-11-16-at-10-11-25-PM_png_jpg.rf.b9b6d1335605a1a838756c2dd25af024.jpg, 0, 0, 1, 0
Screen-Shot-2021-11-22-at-9-46-01-PM_png_jpg.rf.b9dc3c78bfd74a250c72fe384276cc35.jpg, 1, 0, 0, 0
Screenshot-2021-11-22-190230_png_jpg.rf.b961ab0da151057cbd6775f04aa1eee5.jpg, 0, 0, 0, 1
k167_png_jpg.rf.b94f5f104fa72c6fa843b7c2b1d2b1c2.jpg, 0, 0, 1, 0
k175_png_jpg.rf.bcd89a347f94929c197f67b51240bd4d.jpg, 0, 0, 1, 0
h171_png_jpg.rf.ba4d69367886e838f5d5a002bd6c5f2d.jpg, 0, 1, 0, 0
Screen-Shot-2021-11-22-at-5-27-40-PM_png_jpg.rf.bb4a8f61415ee2458b954868cacdcc9e.jpg, 1, 0, 0, 0
k158_png_jpg.rf.bc87067873a6639d258d65a8dc4d9d47.jpg, 0, 0, 1, 0
30_PNG_jpg.rf.ba38791d5b19a7db14f0255984ed3dc1.jpg, 0, 0, 1, 0
k186_png_jpg.rf.bbe43d6ba7da6d14ba32079d7569d4ed.jpg, 0, 0, 1, 0
k79_png_jpg.rf.bc24218317a7c73ab287e956929d7e3f.jpg, 0, 0, 1, 0
semisuper_jpn_482_125_215_362_452_day186_01_jpg.rf.b9aa4a8635e301da9d2b0647613de647.jpg, 0, 1, 0, 0
k32_png_jpg.rf.baf83b11ae6cd768bf3f036ce7befd40.jpg, 0, 0, 1, 0
Screen-Shot-2021-11-22-at-5-26-51-PM_png_jpg.rf.bd07a07626c75cb10666c201ca3f91cf.jpg, 1, 0, 0, 0
h172_png_jpg.rf.b98c723f50143f2adc0e7b46f4ece3bc.jpg, 0, 1, 0, 0
Screenshot-2021-11-22-143408_png_jpg.rf.b9c210f14b9fdaa9b572ec332746ec4e.jpg, 0, 0, 0, 1
Screen-Shot-2021-11-15-at-12-51-38-PM_png_jpg.rf.b93e9912aa35e1a428e4ce8c5adcc46c.jpg, 0, 1, 0, 0
h237_png_jpg.rf.bb0d863d1a1fb8e982ffb786c009142a.jpg, 0, 1, 0, 0
Screenshot-2021-11-22-203441_png_jpg.rf.beb5ee63cb62846be95066992edcefaa.jpg, 0, 0, 0, 1
h182_png_jpg.rf.be9cababda9f441d3540cfaf01ac5389.jpg, 0, 1, 0, 0
Screen-Shot-2021-11-22-at-5-21-20-PM_png_jpg.rf.be91656f543fea4ba7ee2dcf0c60f397.jpg, 1, 0, 0, 0
Screenshot-2021-11-22-144939_png_jpg.rf.b98dc50c553b36e23e600dc0800db4da.jpg, 0, 0, 0, 1
Screen-Shot-2021-11-22-at-5-27-33-PM_png_jpg.rf.be7f3bcda71cf7c832779b4ea45c64e1.jpg, 1, 0, 0, 0
semisuper_jpn_439_1329_347_1756_774_0b8c4b3f_JPG_jpg.rf.bf5dc90571cdcdf8bb09b349d0ac93cc.jpg, 0, 1, 0, 0
h263_png_jpg.rf.bebf61e368efaa496cb73808084f2f87.jpg, 0, 0, 0, 1
Screen-Shot-2021-11-15-at-12-47-35-PM_png_jpg.rf.bc65fb3d82f6b2865bcf1ca5f85ae81a.jpg, 0, 1, 0, 0
Screenshot-2021-11-22-142215_png_jpg.rf.bf6025482303be0bf01c8683624d0e29.jpg, 0, 0, 0, 1
Screenshot-2021-11-22-204233_png_jpg.rf.bf1c8d13da13fc187901e49e55011e84.jpg, 0, 0, 0, 1
h239_png_jpg.rf.bfea5c189ee5bd542c1ebb72aefe6306.jpg, 0, 1, 0, 0
Screen-Shot-2021-11-15-at-12-47-18-PM_png_jpg.rf.c0ac742eeb82e6e89a433b444a3618ce.jpg, 0, 1, 0, 0
Screenshot-2021-11-22-140219_png_jpg.rf.c4f603b84157d4a34842bf31d4802583.jpg, 0, 0, 0, 1
k62_png_jpg.rf.c259f3625aa64706d3e18f8c0709c774.jpg, 0, 0, 1, 0
images-zrZtDD_jpeg_jpg.rf.c2bba3a65373ad02dce72eac70e62aad.jpg, 0, 0, 0, 1
Screen-Shot-2021-11-22-at-10-47-00-PM_png_jpg.rf.c2031a8898067e06f07233b6bded49aa.jpg, 0, 0, 0, 1
Screenshot-2021-11-22-184416_png_jpg.rf.c3c064fa64e3f2a48e563ef52e0db531.jpg, 0, 0, 0, 1
Screen-Shot-2021-11-22-at-10-09-28-PM_png_jpg.rf.c2dc822bec77f7eb8c6d2f343ab16f95.jpg, 1, 0, 0, 0
h205_png_jpg.rf.c3b3d9d6186eb65a082db1d5de671e60.jpg, 0, 1, 0, 0
h201_png_jpg.rf.c27ab9ae1ddc756054b02fafb67c268a.jpg, 0, 1, 0, 0
k105_png_jpg.rf.c4b255756c2046101fe6e38610dc55df.jpg, 0, 0, 1, 0
h177_png_jpg.rf.bfce37a17e458a431c2f7c4ce9706e7d.jpg, 0, 1, 0, 0
Screen-Shot-2021-11-22-at-10-59-33-PM_png_jpg.rf.c38aabd4613517ccaa33b2fb4085c8a0.jpg, 0, 0, 0, 1
Screen-Shot-2021-11-15-at-12-50-08-PM_png_jpg.rf.c51afee9e40dca69f3be10297813f98e.jpg, 0, 1, 0, 0
terry-nails-2_jpg.rf.c51dea89080a863ef407900d96210e68.jpg, 0, 0, 0, 1
41_PNG_jpg.rf.c32e207c83a41490caf8082035e23050.jpg, 1, 0, 0, 0
Screenshot-2021-11-22-203802_png_jpg.rf.c527744ec43d54330db6c39f839ce61a.jpg, 0, 0, 0, 1
Screenshot-2021-11-22-142308_png_jpg.rf.c43ef3142412661f93fddb33e32cbf8c.jpg, 0, 0, 0, 1
h6_png_jpg.rf.c07a1f7f32c8fe9664d6e1763984451f.jpg, 0, 1, 0, 0
Screen-Shot-2021-11-22-at-11-08-58-PM_png_jpg.rf.c50b7c3aee43e093d5d8ade0b94524c1.jpg, 0, 0, 0, 1
k2_png_jpg.rf.c5d3997a71d230271b37dfa412565866.jpg, 0, 0, 1, 0
h232_png_jpg.rf.c556c738c5b1468a3fcc12e398e51bf9.jpg, 0, 1, 0, 0
images-kaAq6W_jpeg_jpg.rf.c1225c8a6357bd959a5f281a7014a941.jpg, 0, 0, 0, 1
Screenshot-2021-11-22-200755_png_jpg.rf.c7a58cbbed2df5e0c7fcb520cc14727f.jpg, 0, 0, 0, 1
Screen-Shot-2021-11-16-at-10-03-03-PM_png_jpg.rf.c4047888653a65bb26a00014a3bff4a7.jpg, 0, 0, 1, 0
Screen-Shot-2021-11-22-at-4-53-08-PM_png_jpg.rf.c821a2036afa8c310130b6393b4aed23.jpg, 1, 0, 0, 0
35_PNG_jpg.rf.c6825259d25b15b253df133e8f5e5978.jpg, 1, 0, 0, 0
Screenshot-2021-11-22-184405_png_jpg.rf.c66c7d80fda843c662488bfb2d497d86.jpg, 0, 0, 0, 1
Screenshot-2021-11-22-180933_png_jpg.rf.c63ad031d72884befb420b051a263f43.jpg, 0, 0, 0, 1
Screenshot-2021-11-22-144204_png_jpg.rf.caf17c4b35c2ba83e92367ab6345393c.jpg, 0, 0, 0, 1
Screen-Shot-2021-11-22-at-4-50-49-PM_png_jpg.rf.c99cd35be211f9d9568da0cafe9e7fab.jpg, 1, 0, 0, 0
h257_png_jpg.rf.ca7d3a3b86faac8ee206e32390870bb8.jpg, 0, 0, 0, 1
k209_png_jpg.rf.c4ba451c8893790a162ef13900723ecd.jpg, 0, 0, 1, 0
h241_png_jpg.rf.c7a76f95e1993c68bf21746c1316ffdd.jpg, 0, 1, 0, 0
h104_png_jpg.rf.c952d5cde3b10dd785c93c53ba65aac9.jpg, 0, 1, 0, 0
Screen-Shot-2021-11-22-at-8-55-10-PM_png_jpg.rf.c8e90dca6babd13ddc8cb8a16710e764.jpg, 1, 0, 0, 0
Screenshot-2021-11-22-144113_png_jpg.rf.caa10fbb8b60609f29ba03396b4c75a7.jpg, 0, 0, 0, 1
h225_png_jpg.rf.cab5ccbb5e02af4a96f00d16be1c2af9.jpg, 0, 1, 0, 0
Screen-Shot-2021-11-22-at-5-05-36-PM_png_jpg.rf.c91d602f18e850ec5235c2349434d177.jpg, 1, 0, 0, 0
k43_png_jpg.rf.ca9c037942a915fd8cb4be3bfcfcc2bc.jpg, 0, 0, 1, 0
Screen-Shot-2021-11-22-at-5-10-13-PM_png_jpg.rf.c8cdc98a2b14454b3e033cc758e7bbad.jpg, 1, 0, 0, 0
Screenshot-2021-11-22-200503_png_jpg.rf.cb1af04f054ec7048167c2f9dd74f939.jpg, 0, 0, 0, 1
k181_png_jpg.rf.ca8f8f91353b9160c4b98ec6a65060ca.jpg, 0, 0, 1, 0
h276_png_jpg.rf.c8b47afcb6aa13c4441830faa415fbc9.jpg, 0, 1, 0, 0
Screen-Shot-2021-10-15-at-10-39-10-AM_png_jpg.rf.cb5eeab548a201fe5fc2864ad9dbf936.jpg, 1, 0, 0, 0
32_PNG_jpg.rf.cb9b48acd73c5af9e3b55cdcfe90ceda.jpg, 1, 0, 0, 0
Screen-Shot-2021-10-15-at-10-40-02-AM_png_jpg.rf.c9994a087358b8aab5eddee10b74126b.jpg, 1, 0, 0, 0
h224_png_jpg.rf.cc339913f5bd83eea06177158b27fe38.jpg, 0, 1, 0, 0
h22_png_jpg.rf.cbf7924756f4a2816c38c4d04abe5e51.jpg, 0, 1, 0, 0
Screen-Shot-2021-10-15-at-11-11-25-AM_png_jpg.rf.c9292720ccb6c494ae5bbad3fedc2496.jpg, 1, 0, 0, 0
h111_png_jpg.rf.cc1fd9be146c9599bf05ec74a6b31012.jpg, 0, 1, 0, 0
5_PNG_jpg.rf.cda41126f0c61d24fc33a8f800cace96.jpg, 1, 0, 0, 0
Screenshot-2021-11-22-204800_png_jpg.rf.ccd542fc154330478854a07b61496808.jpg, 0, 0, 0, 1
Screenshot-2021-11-22-201351_png_jpg.rf.cdf44eeec316d504d217684f61b17d01.jpg, 0, 0, 0, 1
h252_png_jpg.rf.ce752c7f286b6ce6dc19531f122dc27f.jpg, 0, 0, 0, 1
Screenshot-2021-11-22-142132_png_jpg.rf.ccdc5b94a819024e4265deebb5ff6987.jpg, 0, 0, 0, 1
Screen-Shot-2021-11-16-at-10-13-17-PM_png_jpg.rf.ce30f25d4150a11dbbb6bd0ce217f5d7.jpg, 0, 0, 1, 0
11_PNG_jpg.rf.ccc1bcb088db712a7405384be1f81fa6.jpg, 0, 0, 1, 0
Screen-Shot-2021-11-22-at-9-07-23-PM_png_jpg.rf.ceee68c0cdefd1f788239c9d83fae6ba.jpg, 1, 0, 0, 0
k161_png_jpg.rf.cf97c1e523d3f46b820a84428fbf520b.jpg, 0, 0, 1, 0
Screenshot-2021-11-22-133624_png_jpg.rf.cc3e188dda3afd0b04d40181a768eeb6.jpg, 0, 0, 0, 1
h51_png_jpg.rf.cc9842c5b8b57a347f59fa3e9cd29059.jpg, 0, 1, 0, 0
k9_png_jpg.rf.cee6d619da3e106842151692b3da46f9.jpg, 0, 0, 1, 0
Screen-Shot-2021-11-15-at-12-53-08-PM_png_jpg.rf.d097ab0e935beb638a19820aef934229.jpg, 0, 1, 0, 0
31_PNG_jpg.rf.cd0223242a9b8dc818decb0a1ca7f884.jpg, 0, 0, 1, 0
h77_png_jpg.rf.d0934a8c972c934ef0b3263eb044228c.jpg, 0, 1, 0, 0
Screen-Shot-2021-11-16-at-10-16-08-PM_png_jpg.rf.d098054b555876c90aa4e260edca15b1.jpg, 0, 0, 1, 0
h29_png_jpg.rf.cfced384cbaf3ce59f6e5dd4bcbfe17d.jpg, 0, 1, 0, 0
h194_png_jpg.rf.cfb3597e69dd799f6b64106a554c9052.jpg, 0, 1, 0, 0
Screen-Shot-2021-11-15-at-12-12-25-PM_png_jpg.rf.cf3e06d519f8bf2e6af1723f73b06779.jpg, 0, 1, 0, 0
h202_png_jpg.rf.cd503eb9be2b13da65c7dfeec2ef0357.jpg, 0, 1, 0, 0
h39_png_jpg.rf.cef8c4700b8d68a993fc66ce10e0a96e.jpg, 0, 1, 0, 0
Screen-Shot-2021-11-15-at-11-56-23-AM_png_jpg.rf.cddc552735904941c3b9500e2a8a3095.jpg, 0, 1, 0, 0
Screenshot-2021-11-22-144907_png_jpg.rf.ceaa3ba4ff67e8071e3217f7e1a45c9a.jpg, 0, 0, 0, 1
h222_png_jpg.rf.d00e3c07c9887d74c6cdb97f3298a2ff.jpg, 0, 1, 0, 0
Screen-Shot-2021-11-16-at-10-00-18-PM_png_jpg.rf.ce6a28f53c29da4eed377af8ddcaa951.jpg, 0, 0, 1, 0
Screen-Shot-2021-11-15-at-11-56-32-AM_png_jpg.rf.d0ca8972e7f56eb5a64708606dcf2ce9.jpg, 0, 1, 0, 0
k144_png_jpg.rf.d1680b8eb6039f8a73d5b885a99032ed.jpg, 0, 0, 1, 0
Screen-Shot-2021-10-15-at-10-44-24-AM_png_jpg.rf.d1081bf68c21c56123347682cc9f6b7f.jpg, 1, 0, 0, 0
Screenshot-2021-11-22-200950_png_jpg.rf.d172860ec12750f44f4d5ce1f77166f4.jpg, 0, 0, 0, 1
Screen-Shot-2021-11-22-at-11-21-14-PM_png_jpg.rf.d152cf7ef265e871d35863fd96ef5e5e.jpg, 0, 0, 0, 1
Screen-Shot-2021-10-15-at-9-40-42-AM_png_jpg.rf.d11d69b291cc1bd4b96fc97ff304e56f.jpg, 1, 0, 0, 0
h168_png_jpg.rf.d248ae9a0bde44f3eb6f928e6c147026.jpg, 0, 1, 0, 0
koilonychia-11_jpg.rf.d18d582e485f33acd7bdc44b3eb8905f.jpg, 0, 0, 1, 0
k125_png_jpg.rf.d327cd82d52db222adad45ee24d1b9ed.jpg, 0, 0, 1, 0
Screen-Shot-2021-10-15-at-10-43-24-AM_png_jpg.rf.d2f9969fb832031042fe9b5b3e7e72d1.jpg, 1, 0, 0, 0
Screen-Shot-2021-11-22-at-10-47-32-PM_png_jpg.rf.d3678d790a9638e7287406eb214fea2d.jpg, 0, 0, 0, 1
Screenshot-2021-11-22-142035_png_jpg.rf.d471b3dba303f2c9a0daabfcdb40fd6a.jpg, 0, 0, 0, 1
Screen-Shot-2021-11-16-at-9-56-56-PM_png_jpg.rf.d3b5aa45c2faba92bca652cbf8c86221.jpg, 0, 0, 1, 0
Screenshot-2021-11-22-144412_png_jpg.rf.d29ad915b313719cc2a35915c0855488.jpg, 0, 0, 0, 1
Screenshot-2021-11-22-142119_png_jpg.rf.d5f090ca94a7166bba9807c0109c5f37.jpg, 0, 0, 0, 1
Screen-Shot-2021-11-16-at-10-14-11-PM_png_jpg.rf.d6b266cef00e61ca4e41030f07635805.jpg, 0, 0, 1, 0
h260_png_jpg.rf.d79ad6142e95405172fc920b5ecf5909.jpg, 0, 0, 0, 1
h86_png_jpg.rf.d6944db4326c2f361f4d61ad2ad1d2ea.jpg, 0, 1, 0, 0
Screen-Shot-2021-11-22-at-9-47-42-PM_png_jpg.rf.d2cd9971f4f1ea6b19705399937ca07d.jpg, 1, 0, 0, 0
Screen-Shot-2021-11-16-at-10-10-58-PM_png_jpg.rf.d5d8ecd941ff793ab463fff4624374b3.jpg, 0, 0, 1, 0
Screen-Shot-2021-11-16-at-10-00-39-PM_png_jpg.rf.d3464e6fcec76868e56be511611904d8.jpg, 0, 0, 1, 0
Screenshot-2021-11-22-133214_png_jpg.rf.d357e2aff389db53d350ccc086c183c3.jpg, 0, 0, 0, 1
Screen-Shot-2021-11-15-at-2-27-01-PM_png_jpg.rf.d3ff3f9e8d2cf18cd60372c77f100481.jpg, 0, 1, 0, 0
Screenshot-2021-11-22-143250_png_jpg.rf.d3af95fb2a3971c57577a04307f3abb1.jpg, 0, 0, 0, 1
semisuper_kor_368_14_221_278_505_494_JPG_jpg.rf.d78531bb390f91fafeedb4725a453afc.jpg, 0, 1, 0, 0
23_PNG_jpg.rf.d31f079ff36b6d38619980b0de980cce.jpg, 0, 0, 0, 1
k192_png_jpg.rf.d8cfbc21db97231467f883225b741313.jpg, 0, 0, 1, 0
h261_png_jpg.rf.d9889a8cb65113f98f5f3024c19caab5.jpg, 0, 0, 0, 1
koilonychia-3_jpg.rf.d9522b51161840401744f5f9444905db.jpg, 0, 0, 1, 0
Screen-Shot-2021-11-22-at-5-18-20-PM_png_jpg.rf.d9590fca68afaa5b3542f782ba5ff16f.jpg, 1, 0, 0, 0
27_PNG_jpg.rf.d95b8b491bb84c00e2acd37ab548a84c.jpg, 0, 0, 1, 0
Screenshot-2021-11-22-181046_png_jpg.rf.d99747152621d9be6b2b8e67200c4670.jpg, 0, 0, 0, 1
Screenshot-2021-11-22-143542_png_jpg.rf.d883fd35187b7c337d0555236dbdd19a.jpg, 0, 0, 0, 1
Screen-Shot-2021-11-22-at-9-21-29-PM_png_jpg.rf.da3adfa58c998f7057001ca9d454c1cb.jpg, 1, 0, 0, 0
h193_png_jpg.rf.d9b948cf8cdf5c580ac00950df49cb52.jpg, 0, 1, 0, 0
Screen-Shot-2021-11-22-at-11-08-31-PM_png_jpg.rf.d8cb3938bbf2d69f49d5efb3695debca.jpg, 0, 0, 0, 1
1_PNG_jpg.rf.da814280a6f1f6e691a8c555ae04a715.jpg, 1, 0, 0, 0
Screen-Shot-2021-11-22-at-8-58-27-PM_png_jpg.rf.d7afa1ee4de3ae8ce5fd19d004748ce7.jpg, 1, 0, 0, 0
Screen-Shot-2021-11-22-at-5-03-01-PM_png_jpg.rf.d7a79451f3e1ffdc6c779c248c3bcdf8.jpg, 1, 0, 0, 0
Screen-Shot-2021-11-22-at-5-25-44-PM_png_jpg.rf.da0b8fd34cb7b82fd484774a8f715c8d.jpg, 1, 0, 0, 0
Screen-Shot-2021-11-22-at-8-19-18-PM_png_jpg.rf.d38a3becc4d25d561bce302a9ee51a66.jpg, 1, 0, 0, 0
Screen-Shot-2021-11-22-at-5-29-07-PM_png_jpg.rf.d9f004a5239b44c31a49767f68fd39fe.jpg, 1, 0, 0, 0
Screenshot-2021-11-22-133645_png_jpg.rf.ddd3b26a180bed34e28885f1c87b19de.jpg, 0, 0, 0, 1
Screen-Shot-2021-11-22-at-9-21-43-PM_png_jpg.rf.dd70320bb9d674a032c4bc744358956f.jpg, 1, 0, 0, 0
k159_png_jpg.rf.de078054a12bd83d7544cbeb70873964.jpg, 0, 0, 1, 0
Screen-Shot-2021-10-15-at-10-41-24-AM_png_jpg.rf.daaee71b1c9ec70e8636958ad18b6d88.jpg, 1, 0, 0, 0
k64_png_jpg.rf.d8c8e847af8403a2dbc32a6061091d27.jpg, 0, 0, 1, 0
h231_png_jpg.rf.dd4c39b6a56ec16311893312c99c6af0.jpg, 0, 1, 0, 0
Screenshot-2021-11-22-203703_png_jpg.rf.dbefae1a79becd14818606cba5ea6fe0.jpg, 0, 0, 0, 1
Screenshot-2021-11-22-144454_png_jpg.rf.df848e8cd77b08900428da4181e1cf88.jpg, 0, 0, 0, 1
Screen-Shot-2021-11-22-at-5-27-11-PM_png_jpg.rf.df13a5b374ba68eeb4fb988f6b5a8eb9.jpg, 1, 0, 0, 0
h258_png_jpg.rf.e059a2860dc7e950f633172d437e7976.jpg, 0, 0, 0, 1
h200_png_jpg.rf.dfebe89b68d227524950514178b35fbb.jpg, 0, 1, 0, 0
k128_png_jpg.rf.e09742a25f8365e291ed85b70755a078.jpg, 0, 0, 1, 0
19_PNG_jpg.rf.e11af35fb4f12f918dee68ac9fd333fa.jpg, 0, 0, 1, 0
k124_png_jpg.rf.df8428568815bc66daee61b4d0ebcb50.jpg, 0, 0, 1, 0
semisuper_jpn_166_1078_21_1354_297_maxresdefault_jpg.rf.e0e6aec8e83508e9e1848d914ae40679.jpg, 0, 1, 0, 0
semisuper_kor_192_1031_93_1231_293_Anwhawhdfb_jpg.rf.e0dbbc878b59b6be6790a91cf0314f33.jpg, 0, 1, 0, 0
20_PNG_jpg.rf.dfab13d8ec4450a0f8033d63e463d06c.jpg, 0, 0, 1, 0
k14_png_jpg.rf.db62d17758e93c7d49633c95afd92eca.jpg, 0, 0, 1, 0
Screen-Shot-2021-11-22-at-8-50-55-PM_png_jpg.rf.e1e9d00000881b2fd6c804da10100f81.jpg, 1, 0, 0, 0
h192_png_jpg.rf.e31e92348e5d240fa94086b5a86835f9.jpg, 0, 1, 0, 0
Screen-Shot-2021-11-22-at-10-47-35-PM_png_jpg.rf.e2d6f66b54039671ddf1daae473940b2.jpg, 0, 0, 0, 1
k156_png_jpg.rf.e47f1cce4dec354be28d0f10db087de2.jpg, 0, 0, 1, 0
Screen-Shot-2021-11-16-at-10-17-22-PM_png_jpg.rf.e2e721621f2e3da63dae7d9f93c8c45b.jpg, 0, 0, 1, 0
k129_png_jpg.rf.e30a47f558fd56ab151839fd4904ef4f.jpg, 0, 0, 1, 0
Screen-Shot-2021-11-22-at-9-47-11-PM_png_jpg.rf.e3dcee646bdb187952a251859d67f419.jpg, 1, 0, 0, 0
h72_png_jpg.rf.e1bdc48fb162f2b90197ac19dad96e85.jpg, 0, 1, 0, 0
k190_png_jpg.rf.e4e48aeae9e84927a92f671e217b27c8.jpg, 0, 0, 1, 0
k171_png_jpg.rf.e0f34366598111fb0d64300840d5abe2.jpg, 0, 0, 1, 0
Screen-Shot-2021-11-22-at-8-51-01-PM_png_jpg.rf.e5e47caed19ca029acae4be5acedf5f1.jpg, 1, 0, 0, 0
Screenshot-2021-11-22-144931_png_jpg.rf.e6038820600e0639bf1ff9269a155867.jpg, 0, 0, 0, 1
26_PNG_jpg.rf.e204baeb7cb4f33846a47998f3d3017e.jpg, 1, 0, 0, 0
Screen-Shot-2021-11-22-at-9-07-12-PM_png_jpg.rf.e66976cb5017bd0ae38ba5f55cd56556.jpg, 1, 0, 0, 0
Screen-Shot-2021-10-15-at-10-46-00-AM_png_jpg.rf.e33c2d9226acb161dde08213bd252ffa.jpg, 1, 0, 0, 0
Screen-Shot-2021-11-22-at-9-21-59-PM_png_jpg.rf.e24049962a21550d5944ea820e474db8.jpg, 1, 0, 0, 0
k206_png_jpg.rf.e3ddfd16de779791be2e145a6b0b43d5.jpg, 0, 0, 1, 0
Screenshot-2021-11-22-142704_png_jpg.rf.e7636f1c54b4e383ab32e2dba01890c6.jpg, 0, 0, 0, 1
Screenshot-2021-11-22-140359_png_jpg.rf.e4f85d3add5d778b119b0e9203e49de6.jpg, 0, 0, 0, 1
k120_png_jpg.rf.e714917c7e0fa00b96297af93425f529.jpg, 0, 0, 1, 0
Screen-Shot-2021-11-22-at-10-46-31-PM_png_jpg.rf.e6fac569bc2bb44e8c4be523e93e0d5d.jpg, 0, 0, 0, 1
k52_png_jpg.rf.e6af64087a5fbc1cc202cafc59a6e85e.jpg, 0, 0, 1, 0
Screen-Shot-2021-11-15-at-12-52-00-PM_png_jpg.rf.e8f84c79dc559a39f1283476f6a7dd20.jpg, 0, 1, 0, 0
k178_png_jpg.rf.e68dbd8671d83d1ab82b30e6dfec18d2.jpg, 0, 0, 1, 0
h110_png_jpg.rf.e8df85cff4bb86a4fa074531c4d5268d.jpg, 0, 1, 0, 0
Screen-Shot-2021-10-15-at-11-10-33-AM_png_jpg.rf.e94321e9917fcc681b44f007689c07cc.jpg, 1, 0, 0, 0
k77_png_jpg.rf.e7fbde02a7f15431a91189b36238f5f7.jpg, 0, 0, 1, 0
Screenshot-2021-11-22-202242_png_jpg.rf.e8283e8ea1e53319d602b02480287119.jpg, 0, 0, 0, 1
Screen-Shot-2021-11-22-at-5-29-14-PM_png_jpg.rf.ea7b332e076078b4e43fefa61aad259f.jpg, 1, 0, 0, 0
h70_png_jpg.rf.e96f5f42621e784c362dc979d9df5ac9.jpg, 0, 1, 0, 0
Screen-Shot-2021-11-16-at-10-04-48-PM_png_jpg.rf.e72c575c7772fff6076d00469911cb6e.jpg, 0, 0, 1, 0
Screen-Shot-2021-11-16-at-10-00-47-PM_png_jpg.rf.ea39205333ed1de9c951f07e15242950.jpg, 0, 0, 1, 0
Screenshot-2021-11-22-144601_png_jpg.rf.e9cc44342f746e9d7058aed77ccf599b.jpg, 0, 0, 0, 1
Screenshot-2021-11-22-203555_png_jpg.rf.e96cf3c3dd5126c8770556451cef8823.jpg, 0, 0, 0, 1
koilonychia-10_jpg.rf.e9a90038ca4c69791d468cc75dbe6744.jpg, 0, 0, 1, 0
Screen-Shot-2021-11-22-at-4-57-40-PM_png_jpg.rf.2877c96480d4df52cde2ca8103bb40a0.jpg, 1, 0, 0, 0
Screen-Shot-2021-11-22-at-9-07-19-PM_png_jpg.rf.2891e42afc39ddd296e46f2e8954a8c6.jpg, 1, 0, 0, 0
37_PNG_jpg.rf.2a179f9bf5a099b44e569a75e8b3cc9e.jpg, 0, 0, 1, 0
27_PNG_jpg.rf.29dc1178aae7482bb6326bf1e3fa9ea7.jpg, 1, 0, 0, 0
Screen-Shot-2021-11-16-at-10-05-51-PM_png_jpg.rf.2a6bc5c70d9b31a5959a047e62f84e45.jpg, 0, 0, 1, 0
h213_png_jpg.rf.2b585864f143f216190574361c98ae55.jpg, 0, 1, 0, 0
Screenshot-2021-11-22-202848_png_jpg.rf.2c3ac0b3be5150c86b5e1ea9bfc8696d.jpg, 0, 0, 0, 1
Screen-Shot-2021-11-22-at-11-24-08-PM_png_jpg.rf.2bef6b8730e0cf34fd1f9c105f15187b.jpg, 0, 0, 0, 1
Screenshot-2021-11-22-133543_png_jpg.rf.2c5930aec8f2e65ad25148b2edcacbba.jpg, 0, 0, 0, 1
Screenshot-2021-11-22-204421_png_jpg.rf.2c6bfaaa806f10c6539a2e60c94cc755.jpg, 0, 0, 0, 1
Screen-Shot-2021-11-22-at-9-52-19-PM_png_jpg.rf.2c8e70e5b15693396d47753ac17041df.jpg, 1, 0, 0, 0
Screenshot-2021-11-22-180947_png_jpg.rf.2ce329f375f67fa8b4aa666ea90a0b7c.jpg, 0, 0, 0, 1
h11_png_jpg.rf.23d4e9ecf91a2b416810d2ebc43ecc0e.jpg, 0, 1, 0, 0
Screen-Shot-2021-11-22-at-10-57-27-PM_png_jpg.rf.26e4219d9c30893d04d1aa42e26ee181.jpg, 0, 0, 0, 1
h209_png_jpg.rf.2a256383ec4432f09c3c822c406bd988.jpg, 0, 1, 0, 0
35_PNG_jpg.rf.28694b2f93166ba080b9e350fbe873a3.jpg, 0, 0, 0, 1
Screen-Shot-2021-11-22-at-10-41-03-PM_png_jpg.rf.24f7b3f86765df4971fc5a3ce3d99f34.jpg, 0, 0, 0, 1
17_PNG_jpg.rf.24e49c16cd2c09f42014c3fcb2036ced.jpg, 1, 0, 0, 0
Screenshot-2021-11-22-174426_png_jpg.rf.26ec7242b0ee55a8e30eae78bcc53d9f.jpg, 0, 0, 0, 1
Screenshot-2021-11-22-200539_png_jpg.rf.258b3613223ab0fd415dd1d46b09462c.jpg, 0, 0, 0, 1
Screenshot-2021-11-22-175537_png_jpg.rf.26beccb256efa1a1205c3dae82425dbc.jpg, 0, 0, 0, 1
h246_png_jpg.rf.29f29da9314e154d848df698fd4a5f1e.jpg, 0, 1, 0, 0
h210_png_jpg.rf.26ead824b6d73aacd05b82e86240b595.jpg, 0, 1, 0, 0
h238_png_jpg.rf.279ff3c3946df83dcfca831bff0b35fe.jpg, 0, 1, 0, 0
Screenshot-2021-11-22-185926_png_jpg.rf.27ed2c3c21e25de7f30ffc386f107328.jpg, 0, 0, 0, 1
Screenshot-2021-11-22-143513_png_jpg.rf.2e769d74a5dd6d2a044e32508133e7de.jpg, 0, 0, 0, 1
h35_png_jpg.rf.2ebacdb325c0451ee83d691c31d5f321.jpg, 0, 1, 0, 0
Screenshot-2021-11-22-184550_png_jpg.rf.2d194038d6e23e276180c2d088d0e54e.jpg, 0, 0, 0, 1
h162_png_jpg.rf.2ea01268d678a9b1fde6851fb86aff43.jpg, 0, 1, 0, 0
semisuper_kor_438_564_711_820_947__EB_B0_9C_ED_86_B1_EB_AC_B4_EC_A2_802-1_jpg.rf.2d909b3d9baa8fda687a9583ac204b4d.jpg, 0, 1, 0, 0
h131_png_jpg.rf.2e76cdeb731ef8a8b9cb39059d90a87e.jpg, 0, 1, 0, 0
Screen-Shot-2021-11-22-at-10-07-05-PM_png_jpg.rf.3137e2b8444cf3d91f6d36cfdd8a187d.jpg, 1, 0, 0, 0
k104_png_jpg.rf.2dca62e00fb1a2f72fee397658b123a9.jpg, 0, 0, 1, 0
Screen-Shot-2021-11-22-at-9-45-34-PM_png_jpg.rf.2db165f1d1163e0306430725fcf2f63b.jpg, 1, 0, 0, 0
Screenshot-2021-11-22-203250_png_jpg.rf.2dfb3f4d677555be30ed9c7ececc86df.jpg, 0, 0, 0, 1
7_PNG_jpg.rf.306bc96d9ee44184e2c20efef5534c4c.jpg, 0, 0, 1, 0
24_PNG_jpg.rf.2f806e93b277b6f77dfe095b439d4c95.jpg, 0, 0, 1, 0
39_PNG_jpg.rf.2f9ea98eebc9d92281d85e024bf32d36.jpg, 1, 0, 0, 0
h69_png_jpg.rf.2f28734fe9ebc65fa2f2c4000ff80b1c.jpg, 0, 1, 0, 0
Screen-Shot-2021-11-22-at-5-27-14-PM_png_jpg.rf.30f3ffcf8c0417110b2443c17a7ea62c.jpg, 1, 0, 0, 0
semisuper_kor_1014_12_74_231_304_images_q-tbn_ANd9GcQAQOg_jrlgBHQKl5xRfJltCHsvYjumguxIq4CFo8q7LXF7KiNu_jpg.rf.30ebf4df66d4bf231f29e82fff233106.jpg, 0, 1, 0, 0
h30_png_jpg.rf.2eeaf610d26eb589770f048206e9de2a.jpg, 0, 1, 0, 0
Screenshot-2021-11-22-142609_png_jpg.rf.31e1a8c14efbcca2c8966880f6be0aff.jpg, 0, 0, 0, 1
Screen-Shot-2021-11-22-at-5-19-49-PM_png_jpg.rf.30c74676cfb1d7ccca546ec93e0f23cf.jpg, 1, 0, 0, 0
Screenshot-2021-11-22-201912_png_jpg.rf.31518df6b8f773da163dcd02be5cd561.jpg, 0, 0, 0, 1
Screen-Shot-2021-11-15-at-11-17-39-AM_png_jpg.rf.31045bceeec317d9ac935e5f1a8c452f.jpg, 0, 1, 0, 0
h277_png_jpg.rf.3171724d2c08a65b7fab513644ee333f.jpg, 0, 1, 0, 0
semisuper_kor_738_335_63_610_338_images_q-tbn_ANd9GcRDxZzNQ0-IKQHaf2mTkcsKH7lPXzW16KW5RvENKL3zOb6Sy3-K_jpg.rf.2ed2505e48bfbff2398555c975f12310.jpg, 0, 1, 0, 0
k200_png_jpg.rf.321280fe00fcf45e2655290773f31f1a.jpg, 0, 0, 1, 0
h159_png_jpg.rf.3011898246b11d7072673b692de80f64.jpg, 0, 1, 0, 0
semisuper_kor_328_3137_1827_4201_2796_1455494909_12edit_jpg.rf.329b16d4da610ea09fb593d286f0154f.jpg, 0, 1, 0, 0
Screen-Shot-2021-11-22-at-5-01-32-PM_png_jpg.rf.32f17d187667d919f55b9ae47c511f42.jpg, 1, 0, 0, 0
Screenshot-2021-11-22-201452_png_jpg.rf.34df229c50c0e133f1faa0f752150fc9.jpg, 0, 0, 0, 1
semisuper_kor_461_45_659_337_950_images_q-tbn_ANd9GcRLbEJGjqLIITcaa_VusuWfTuhd6EIU3Jxyy1MKciqbiJo8OQAg_jpg.rf.32e10c62ca915d9bdc87fbfeb6c54b20.jpg, 0, 1, 0, 0
Screen-Shot-2021-11-16-at-10-10-09-PM_png_jpg.rf.36717d971c140574753343e6821717f8.jpg, 0, 0, 1, 0
Screen-Shot-2021-11-16-at-10-15-15-PM_png_jpg.rf.34443131067d59b8d4ed37366b263a15.jpg, 0, 0, 1, 0
Screenshot-2021-11-22-200814_png_jpg.rf.38e33eae08f334c158825c60a70245c1.jpg, 0, 0, 0, 1
Screen-Shot-2021-10-26-at-9-08-41-AM_png_jpg.rf.383756fcc6bc9471c75ce48ee82ea9f4.jpg, 0, 0, 0, 1
h229_png_jpg.rf.35c75be7f03c08817446bb7cb4d9b7c3.jpg, 0, 1, 0, 0
k102_png_jpg.rf.35b2768eda6bcf9b6be2a4e93cb18c08.jpg, 0, 0, 1, 0
Screen-Shot-2021-11-22-at-4-51-58-PM_png_jpg.rf.32455c5a65af39677b9430953e5f0e7b.jpg, 1, 0, 0, 0
h215_png_jpg.rf.337b90d39f9e0eb0110f2025fae8bac9.jpg, 0, 1, 0, 0
33_PNG_jpg.rf.38c51a8eaacafbd1139cc594e417be78.jpg, 1, 0, 0, 0
Screen-Shot-2021-11-22-at-8-11-22-PM_png_jpg.rf.392fcfb814e4a9fdfd132c7724676adf.jpg, 1, 0, 0, 0
Screenshot-2021-11-22-201524_png_jpg.rf.32fd828fe630beb876f09e61e85ccd36.jpg, 0, 0, 0, 1
k59_png_jpg.rf.3957292be5de93091151c283ddfa0e73.jpg, 0, 0, 1, 0
Screenshot-2021-11-22-200658_png_jpg.rf.33a6d3e791a0c1271271b02ab0ed844f.jpg, 0, 0, 0, 1
Screenshot-2021-11-22-184602_png_jpg.rf.390bafaa5149c356408484b56579f43f.jpg, 0, 0, 0, 1
h243_png_jpg.rf.3a227975dc251669e98c7f2b2b8e5e6f.jpg, 0, 1, 0, 0
Screenshot-2021-11-22-203856_png_jpg.rf.39d53f23103e052ecf29d7161d9aa4bb.jpg, 0, 0, 0, 1
k73_png_jpg.rf.3993bd60f3e0b868c54474cd11af3e8f.jpg, 0, 0, 1, 0
Screen-Shot-2021-11-22-at-5-27-08-PM_png_jpg.rf.3a0c57abae17a00f5091b85fdd958ba1.jpg, 1, 0, 0, 0
Screen-Shot-2021-11-22-at-11-09-59-PM_png_jpg.rf.3a0dddf726dc04d0972c84eb63d29737.jpg, 0, 0, 0, 1
Screen-Shot-2021-11-22-at-10-49-46-PM_png_jpg.rf.36550499033a396628684a535a82aa58.jpg, 0, 0, 0, 1
Screen-Shot-2021-11-22-at-5-26-08-PM_png_jpg.rf.3ae839a3687c1baee803f83ef56244f2.jpg, 1, 0, 0, 0
Screenshot-2021-11-22-133141_png_jpg.rf.3351ea38c8e6e264e9f6130b083d7148.jpg, 0, 0, 0, 1
Screen-Shot-2021-10-15-at-10-38-28-AM_png_jpg.rf.3a2cffab0b43bdcfeb9169c640672da7.jpg, 1, 0, 0, 0
Screen-Shot-2021-10-26-at-9-15-15-AM_png_jpg.rf.3c585046b627144b9604f110d923535f.jpg, 0, 0, 0, 1
8_PNG_jpg.rf.3d83459af713653c2b7ccfc1a61d8304.jpg, 0, 0, 1, 0
Screenshot-2021-11-22-174645_png_jpg.rf.3af5ca694fe7cf9b6e002d9d4419843f.jpg, 0, 0, 0, 1
Screenshot-2021-11-22-203424_png_jpg.rf.3d68922c50115e2ec3222082972c096d.jpg, 0, 0, 0, 1
Screen-Shot-2021-11-16-at-10-03-23-PM_png_jpg.rf.3e5edef5bf8ed0d6e4584520ed1c27e2.jpg, 0, 0, 1, 0
Screen-Shot-2021-11-22-at-9-53-39-PM_png_jpg.rf.3cdb85c3bc85b3a8d4283c1e7f0a3787.jpg, 1, 0, 0, 0
Screen-Shot-2021-11-16-at-10-01-46-PM_png_jpg.rf.3c7fb71e67cc6accd61393a029abf088.jpg, 0, 0, 1, 0
Screen-Shot-2021-11-22-at-10-47-55-PM_png_jpg.rf.3c48be7ba5a6eaa583de19d76ff8d8df.jpg, 0, 0, 0, 1
Screen-Shot-2021-11-15-at-2-26-43-PM_png_jpg.rf.3be5f1aef7db45a8d7f2b98bd89c8aec.jpg, 0, 1, 0, 0
18_PNG_jpg.rf.3e481d21d5ecc87f9883367a1676ad3c.jpg, 1, 0, 0, 0
Screen-Shot-2021-11-22-at-11-24-18-PM_png_jpg.rf.41ddfe1e31042d9c7bbdd18a7650d6cf.jpg, 0, 0, 0, 1
k68_png_jpg.rf.3ec441227c8882c807d8793dfc7a9252.jpg, 0, 0, 1, 0
Screenshot-2021-11-22-144705_png_jpg.rf.3ede89174310b62ae61c009ae6e73c06.jpg, 0, 0, 0, 1
Screen-Shot-2021-11-15-at-12-48-38-PM_png_jpg.rf.3eac938d84ca85db8e7c1e057b7d6b3a.jpg, 0, 1, 0, 0
Screenshot-2021-11-22-204712_png_jpg.rf.3fed47d60d715cab924793b36f5adf4f.jpg, 0, 0, 0, 1
h120_png_jpg.rf.3f2f4af0bb5139a9c9371394607f6913.jpg, 0, 0, 0, 1
h4_png_jpg.rf.3ed37caf118061725acae0eaa42ca43e.jpg, 0, 1, 0, 0
Screen-Shot-2021-11-22-at-10-54-20-PM_png_jpg.rf.4127e5302939345a7d836d85b5d83f54.jpg, 0, 0, 0, 1
Screen-Shot-2021-11-22-at-10-40-29-PM_png_jpg.rf.423024bfc91a7128474bc59757b0a05a.jpg, 0, 0, 0, 1
k126_png_jpg.rf.41023bb56ba3886afcbd7253a9192dcc.jpg, 0, 0, 1, 0
Screen-Shot-2021-10-15-at-10-43-29-AM_png_jpg.rf.3e111d690d8b33710155af82342596f5.jpg, 1, 0, 0, 0
Screen-Shot-2021-11-22-at-10-56-14-PM_png_jpg.rf.3ee849ce7062244ce013dc255bb6120e.jpg, 0, 0, 0, 1
Screenshot-2021-11-22-184321_png_jpg.rf.41b94cfb415975778e9332e2a3c17f53.jpg, 0, 0, 0, 1
Screenshot-2021-11-22-144652_png_jpg.rf.3dd64d42d1de84827da6dde8e6b30561.jpg, 0, 0, 0, 1
Screen-Shot-2021-11-22-at-5-30-06-PM_png_jpg.rf.42b988eadbdfc3909ab85e6cd47ce50f.jpg, 1, 0, 0, 0
12_PNG_jpg.rf.42ae877036d8021e954f57aa5b88f9c4.jpg, 1, 0, 0, 0
k184_png_jpg.rf.4275bce41bc2599bbce37ca02c888aee.jpg, 0, 0, 1, 0
Screenshot-2021-11-22-202822_png_jpg.rf.3cfa8f3f9b7df34d804c55b38740b816.jpg, 0, 0, 0, 1
Screenshot-2021-11-22-201950_png_jpg.rf.42efce9b195016712fdb5694597d55f4.jpg, 0, 0, 0, 1
Screen-Shot-2021-11-16-at-9-52-31-PM_png_jpg.rf.434819fc86f97bc9edb631f79327d69d.jpg, 0, 0, 1, 0
Screenshot-2021-11-22-133528_png_jpg.rf.442acbb64642acdca08cf509c842a2ff.jpg, 0, 0, 0, 1
Screenshot-2021-11-22-144142_png_jpg.rf.44e76ab05dceba7010f8dd1b2b1eb5e0.jpg, 0, 0, 0, 1
Screenshot-2021-11-22-201510_png_jpg.rf.4613fcf78d3444c8d95695b11f9e07c8.jpg, 0, 0, 0, 1
Screenshot-2021-11-22-201839_png_jpg.rf.462492f1a6020e68fbaa49249521113e.jpg, 0, 0, 0, 1
6_PNG_jpg.rf.458b9410fb7b1dd72bd1ab1512017996.jpg, 0, 0, 1, 0
Screen-Shot-2021-11-22-at-10-46-39-PM_png_jpg.rf.44ee96a58bbc679411affec7c0cf6a9f.jpg, 0, 0, 0, 1
k155_png_jpg.rf.4401944f92fdf9ccb3a83ed0061654b8.jpg, 0, 0, 1, 0
h58_png_jpg.rf.4676ad08c8269419e4d64a602715b8f2.jpg, 0, 1, 0, 0
k149_png_jpg.rf.44f081cc85106425e511ac2559ff7811.jpg, 0, 0, 1, 0
Screen-Shot-2021-11-22-at-5-26-19-PM_png_jpg.rf.45d09e4b46dcbb226d4f42e4c3a77533.jpg, 1, 0, 0, 0
h163_png_jpg.rf.46548ee33c66f64d788f923701cc0f04.jpg, 0, 1, 0, 0
Screenshot-2021-11-22-203904_png_jpg.rf.46c426cb982131a6d44cb59b5217c4c0.jpg, 0, 0, 0, 1
Screenshot-2021-11-22-141909_png_jpg.rf.47b5aa1e23f190735fba0a84d89dfbc5.jpg, 0, 0, 0, 1
A-57-year-old-males-left-great-toenail-with-redpurple-discoloration-Side-view-of-the_Q320_jpg.rf.460ff41f737f4472c6ce3c3e1a08d8ca.jpg, 1, 0, 0, 0
k157_png_jpg.rf.4620e580093f0ebe6c3f646fcc74f526.jpg, 0, 0, 1, 0
Screenshot-2021-11-22-143832_png_jpg.rf.47575d0ba0ec222bc8356cad46218361.jpg, 0, 0, 0, 1
semisuper_kor_1038_1507_476_1817_786__EC_83_A4_EB_B0_A9_jpg.rf.444f4ef67eaecb4ddf7db87daadb7670.jpg, 0, 1, 0, 0
Screen-Shot-2021-11-22-at-4-49-11-PM_png_jpg.rf.45f927684f3b5970991817eb3bfa6cf3.jpg, 1, 0, 0, 0
h226_png_jpg.rf.4557950a5a9d40cd5c3a6811d0a90436.jpg, 0, 1, 0, 0
h269_png_jpg.rf.4798707bc8fc58acfa96e4b724265515.jpg, 0, 1, 0, 0
Screen-Shot-2021-11-22-at-11-04-28-PM_png_jpg.rf.43997c453738dfe00d73e8113cca308b.jpg, 0, 0, 0, 1
Screen-Shot-2021-11-22-at-9-21-33-PM_png_jpg.rf.459aabb72bc22dd80c511da9ececd288.jpg, 1, 0, 0, 0
Screen-Shot-2021-11-22-at-9-06-56-PM_png_jpg.rf.479e93e0071e1d253cfe8229b19f384b.jpg, 1, 0, 0, 0
h221_png_jpg.rf.48546382846135118e169657095ddd12.jpg, 0, 1, 0, 0
Screenshot-2021-11-22-203929_png_jpg.rf.46b4373df317e20f77175cd09a2c476e.jpg, 0, 0, 0, 1
h44_png_jpg.rf.47e60be7ddeb9c92058081a3ae5545c2.jpg, 0, 1, 0, 0
k140_png_jpg.rf.48fdf58ae3112c8288347f9deec1d62b.jpg, 0, 0, 1, 0
Screen-Shot-2021-10-15-at-11-16-11-AM_png_jpg.rf.48d64f90262807c9f122efce99478bb3.jpg, 1, 0, 0, 0
23_PNG_jpg.rf.4ab93f536a887e6453812887dc613667.jpg, 1, 0, 0, 0
Screen-Shot-2021-11-15-at-11-16-29-AM_png_jpg.rf.49714a085afa33b5dea0e1eacefe85d8.jpg, 0, 1, 0, 0
Screen-Shot-2021-11-15-at-10-55-59-AM_png_jpg.rf.4abe165acc858458cb79696eb1c20973.jpg, 0, 1, 0, 0
h283_png_jpg.rf.43e204bba4135f90a04ec38b04535973.jpg, 0, 1, 0, 0
h285_png_jpg.rf.4b5992b983b54c9a11ee1331af12dbe9.jpg, 0, 1, 0, 0
Screen-Shot-2021-11-22-at-5-01-41-PM_png_jpg.rf.4a7802372c8998297f0213d7e005d8e3.jpg, 1, 0, 0, 0
h195_png_jpg.rf.4ade0f3f40c077c466e3c915c3fe30a6.jpg, 0, 1, 0, 0
Screen-Shot-2021-11-22-at-9-46-05-PM_png_jpg.rf.4c3b348f25a07d7481f0bcafdfd20668.jpg, 1, 0, 0, 0
semisuper_jpn_220_16_380_313_798_images_q-tbn_ANd9GcQl5hZk3LEmm8dp-08msAZrnUe-20d9fAPMRhh-oiJrmL2dGs7V_jpg.rf.4ad2ae3fad7bdb5781c47d2b6b9a6d52.jpg, 0, 1, 0, 0
26_PNG_jpg.rf.4c3b47030a8e3fcc37353fc76903698c.jpg, 0, 0, 1, 0
Screen-Shot-2021-11-22-at-11-23-56-PM_png_jpg.rf.4d5596f759b08e2a11f1c8bf91a01c63.jpg, 0, 0, 0, 1
k103_png_jpg.rf.4d2e44f5410954f91bbd663e16e969d2.jpg, 0, 0, 1, 0
Screen-Shot-2021-11-22-at-4-48-47-PM_png_jpg.rf.4c314571254fd03ef42fd3e21f8b535d.jpg, 1, 0, 0, 0
semisuper_kor_289_400_97_612_309_images_q-tbn_ANd9GcQnx59ebzvaWKjhRK4FlcZGAnCU5Tx9l9rbkL8CoekBBmHebR8K_jpg.rf.4cd639ec7071c38cebcad3ac5cd74375.jpg, 0, 1, 0, 0
Screen-Shot-2021-11-22-at-5-14-31-PM_png_jpg.rf.4c7fe2b17b30dc3f7b890d8c3740618c.jpg, 1, 0, 0, 0
Screen-Shot-2021-11-16-at-10-03-27-PM_png_jpg.rf.4b83bd94ea33279017592cca0646bcee.jpg, 0, 0, 1, 0
44_PNG_jpg.rf.4c9cf17e3215fc9cb227eabae0d23655.jpg, 1, 0, 0, 0
Screen-Shot-2021-11-22-at-10-10-34-PM_png_jpg.rf.4b318ac9dc184a1b40014c3147133e21.jpg, 1, 0, 0, 0
k96_png_jpg.rf.4c8d9ee06f66d50875ffa6470ff5cfbb.jpg, 0, 0, 1, 0
Screen-Shot-2021-11-22-at-9-00-08-PM_png_jpg.rf.4da992c6c1f93616dc163b286e9d01d8.jpg, 1, 0, 0, 0
Screen-Shot-2021-11-22-at-10-09-54-PM_png_jpg.rf.4b7c6718dd19476e2d79efc2b4c70220.jpg, 1, 0, 0, 0
Screenshot-2021-11-22-143615_png_jpg.rf.4b2e94375490b59987d73369bc34bba4.jpg, 0, 0, 0, 1
Screen-Shot-2021-11-22-at-10-53-48-PM_png_jpg.rf.4e1c4b4a826ea423b4e68abb1b022ac4.jpg, 0, 0, 0, 1
Screenshot-2021-11-22-144051_png_jpg.rf.4e2b7b013f0029580a6df89b5fcf7243.jpg, 0, 0, 0, 1
Screenshot-2021-11-22-202112_png_jpg.rf.4f1aef1c223ddb3670d8a77e7ef413a2.jpg, 0, 0, 0, 1
Screen-Shot-2021-10-15-at-9-31-06-AM_png_jpg.rf.4e5f2ece8840f8c1289349823847769b.jpg, 1, 0, 0, 0
Screenshot-2021-11-22-201850_png_jpg.rf.4f208e6af1e0d27d2d3ed6a99fe4e6f3.jpg, 0, 0, 0, 1
k7_png_jpg.rf.4e44c604d114a46ba2e5b7e2c03d0439.jpg, 0, 0, 1, 0
h270_png_jpg.rf.4e492e61331e47372a2c29b567815e47.jpg, 0, 1, 0, 0
Screen-Shot-2021-11-22-at-5-03-04-PM_png_jpg.rf.4fdb806fb6ce3c20e0faf2a84f2e35c1.jpg, 1, 0, 0, 0
Screenshot-2021-11-22-143918_png_jpg.rf.5307a35a9dc3444c8c2ac04c15aa9838.jpg, 0, 0, 0, 1
Screen-Shot-2021-11-22-at-10-46-20-PM_png_jpg.rf.503418ee427ab87e66c163b4b7f0d410.jpg, 0, 0, 0, 1
Screen-Shot-2021-11-22-at-9-15-08-PM_png_jpg.rf.4e007185eaabf9ab7c09e8519c9714c2.jpg, 1, 0, 0, 0
Screen-Shot-2021-10-26-at-9-14-54-AM_png_jpg.rf.52ea502f9e2ba4d728f4179fae2a46ec.jpg, 0, 0, 0, 1
Screen-Shot-2021-11-15-at-12-49-11-PM_png_jpg.rf.503ec4abd177d28b3eddecc8fc95d60c.jpg, 0, 1, 0, 0
koilonychia-14_jpg.rf.4f3309752cfd64a5747712a4132d3a16.jpg, 0, 0, 1, 0
Screen-Shot-2021-11-22-at-5-17-24-PM_png_jpg.rf.52b80eeee3b4d4393e7fb14dc51e7b6d.jpg, 1, 0, 0, 0
Screen-Shot-2021-11-22-at-5-07-23-PM_png_jpg.rf.51de4bb6d6afdb2e0c779587a03bbcb2.jpg, 1, 0, 0, 0
k37_png_jpg.rf.538460d5df0eeeec7d616d605cc4baa0.jpg, 0, 0, 1, 0
k19_png_jpg.rf.53a040e2f3f3c4d38fdf3b5fe414b949.jpg, 0, 0, 1, 0
Screen-Shot-2021-11-22-at-9-50-14-PM_png_jpg.rf.51f1eacb202f78928f290dfb41b9c3ea.jpg, 1, 0, 0, 0
k92_png_jpg.rf.53e86f18a365b093cb7475d3ec0fda51.jpg, 0, 0, 1, 0
Screen-Shot-2021-11-16-at-10-03-38-PM_png_jpg.rf.4e26b0cf7eebef12c747b50ff47040bc.jpg, 0, 0, 1, 0
Screen-Shot-2021-11-22-at-9-19-37-PM_png_jpg.rf.505475539675c3b89044ff9204bfd9e6.jpg, 1, 0, 0, 0
h236_png_jpg.rf.540528f2acf4fc24a7dfc5f295fbd3a9.jpg, 0, 1, 0, 0
Screenshot-2021-11-22-200735_png_jpg.rf.4fc42c977d9da00cd09462d69ef659e2.jpg, 0, 0, 0, 1
semisuper_kor_260_122_187_621_687_P1020538_JPG_jpg.rf.53f5cce1a4e2b09ef0ed6e2d1a23d063.jpg, 0, 1, 0, 0
Screenshot-2021-11-22-203532_png_jpg.rf.52fec39532e39ef84f18b0105f8d1fce.jpg, 0, 0, 0, 1
14_PNG_jpg.rf.54a45719b72e6ea2fcdc54786a86fd56.jpg, 0, 0, 0, 1
semisuper_kor_775_372_78_592_298_20160308_234540_jpg.rf.5343176149faa29ea0c989f9591d0d1d.jpg, 0, 1, 0, 0
Screenshot-2021-11-22-133514_png_jpg.rf.4d08ecd4e979977eb63f4f427c4e7000.jpg, 0, 0, 0, 1
Screenshot-2021-11-22-203916_png_jpg.rf.55193ce462f691d748bb9d0341fe89ef.jpg, 0, 0, 0, 1
Screen-Shot-2021-11-22-at-8-56-47-PM_png_jpg.rf.5584ff0a42ce9567cb3be91772705a03.jpg, 1, 0, 0, 0
Screenshot-2021-11-22-202427_png_jpg.rf.580db9bf76b6fbb8b8795427c531df38.jpg, 0, 0, 0, 1
Screen-Shot-2021-11-22-at-10-47-29-PM_png_jpg.rf.576922a562dfcd3040e7d619e7c01c59.jpg, 0, 0, 0, 1
Screen-Shot-2021-11-22-at-8-15-51-PM_png_jpg.rf.568bb7b85e28cb62772ebbf3feecda0e.jpg, 1, 0, 0, 0
h52_png_jpg.rf.576440830d81d538dfc907d84b3d1a99.jpg, 0, 1, 0, 0
Screen-Shot-2021-10-15-at-11-05-02-AM_png_jpg.rf.55cb50c2b07cebde805cdf5ef1502523.jpg, 1, 0, 0, 0
Screen-Shot-2021-10-15-at-10-51-34-AM_png_jpg.rf.59acb78b834f6d093a16d81a8e5598ff.jpg, 1, 0, 0, 0
h137_png_jpg.rf.57fbada45b2624d207c9866ccf044813.jpg, 0, 1, 0, 0
Screen-Shot-2021-11-22-at-4-53-53-PM_png_jpg.rf.56e9a343b900ea759718a1bdb758f1c2.jpg, 1, 0, 0, 0
Screenshot-2021-11-22-140235_png_jpg.rf.58bf966f2b49dd4d278e2c87cb823fbc.jpg, 0, 0, 0, 1
53_PNG_jpg.rf.5cd6f29e9e7e2fa4713e0189acde8c47.jpg, 1, 0, 0, 0
h127_png_jpg.rf.574023d4d035d9334109f7e99d76b5b5.jpg, 0, 1, 0, 0
Screen-Shot-2021-11-16-at-10-04-26-PM_png_jpg.rf.56c03c39b24e88436a886d420a538f80.jpg, 0, 0, 1, 0
Screenshot-2021-11-22-204608_png_jpg.rf.5adad6bc2647fbfbf56548420dbe3f1c.jpg, 0, 0, 0, 1
Screenshot-2021-11-22-174732_png_jpg.rf.58afabbf9701314bdabcbd5d6f50bb14.jpg, 0, 0, 0, 1
Screen-Shot-2021-11-22-at-10-09-41-PM_png_jpg.rf.5a69c960589273b922be45f69b648b68.jpg, 1, 0, 0, 0
Screenshot-2021-11-22-134214_png_jpg.rf.5a8428765384194e1984e625b844e3ab.jpg, 0, 0, 0, 1
Screen-Shot-2021-11-22-at-9-15-03-PM_png_jpg.rf.57ac7417b13e730b061f8b9bf2876fe6.jpg, 1, 0, 0, 0
k133_png_jpg.rf.5d1c4e7d1d778d335ee3ce4cf1bd6fa6.jpg, 0, 0, 1, 0
5_PNG_jpg.rf.5bd85bafd3836ab3da69752519c9ec6d.jpg, 0, 0, 0, 1
Screenshot-2021-11-22-133814_png_jpg.rf.5d2e6e968978e8403da8205f79633190.jpg, 0, 0, 0, 1
Screen-Shot-2021-11-22-at-11-24-14-PM_png_jpg.rf.58664811df2bdad66fd03a2c427b83f4.jpg, 0, 0, 0, 1
k121_png_jpg.rf.5e3fa6a7c46578a5a34c5deefc42188b.jpg, 0, 0, 1, 0
Screen-Shot-2021-11-22-at-5-22-06-PM_png_jpg.rf.5d5723d76d9fadcca716e9c21eecb816.jpg, 1, 0, 0, 0
h60_png_jpg.rf.5e700831544b0ed74e82463db9a4c4c3.jpg, 0, 1, 0, 0
Screenshot-2021-11-22-143032_png_jpg.rf.5f519a254d01d378e175a1a81a1b19e8.jpg, 0, 0, 0, 1
Screen-Shot-2021-11-16-at-10-09-25-PM_png_jpg.rf.5e836fa70db4e5fc99651d2a2282ca01.jpg, 0, 0, 1, 0
9_PNG_jpg.rf.5e069a97e0b478ea83f9eb75c6dd4e0a.jpg, 1, 0, 0, 0
Screen-Shot-2021-10-26-at-9-06-12-AM_png_jpg.rf.5ba956a4a80d1257fdb07483df00dd5c.jpg, 0, 0, 0, 1
Screen-Shot-2021-11-22-at-4-49-03-PM_png_jpg.rf.601533f5c52c7173fc4b9ea17700b53e.jpg, 1, 0, 0, 0
Screenshot-2021-11-22-145002_png_jpg.rf.608dd15ba1005cc6c63406fc53caee03.jpg, 0, 0, 0, 1
Screenshot-2021-11-22-144804_png_jpg.rf.619ed1c1e6e72875de089ff10bb4e55b.jpg, 0, 0, 0, 1
h185_png_jpg.rf.624eacfe49703f14520318abc70528ee.jpg, 0, 1, 0, 0
Screenshot-2021-11-22-201224_png_jpg.rf.557a6ff77de5d9f168ef8dc8231ce63a.jpg, 0, 0, 0, 1
h139_png_jpg.rf.61fa4acd635eb6dfd3d8cc94f0930f20.jpg, 0, 1, 0, 0
k198_png_jpg.rf.61f1ce94539b465c3dd9619acd7fd76b.jpg, 0, 0, 1, 0
h125_png_jpg.rf.61480ebaf08742c0e676747e3335f1bc.jpg, 0, 1, 0, 0
Screen-Shot-2021-11-15-at-12-51-56-PM_png_jpg.rf.6045ad0830a0ad16084062abe2e15064.jpg, 0, 1, 0, 0
Screen-Shot-2021-11-22-at-8-15-47-PM_png_jpg.rf.60fc2fcb44d205f09eed831552f6c763.jpg, 1, 0, 0, 0
15_PNG_jpg.rf.632efaa3bb1a849481f8cdb38dcfcd56.jpg, 0, 0, 0, 1
koilonychia-134_jpg.rf.5f7deb33411d6efb9a4f5c66d73fef32.jpg, 0, 0, 1, 0
k75_png_jpg.rf.5f80764f6a9a7dfe925f88a6e7617f4f.jpg, 0, 0, 1, 0
Screen-Shot-2021-11-22-at-11-01-33-PM_png_jpg.rf.615d2773615a887ea12ff450db5f95e7.jpg, 0, 0, 0, 1
Screenshot-2021-11-22-190248_png_jpg.rf.619f9553daba136705cecad2b822bb1e.jpg, 0, 0, 0, 1
k138_png_jpg.rf.6411a60d3243a291ee523d4f514362a9.jpg, 0, 0, 1, 0
k127_png_jpg.rf.63a0f84ed49f0383ea5d66a92c3cbb54.jpg, 0, 0, 1, 0
Screen-Shot-2021-11-22-at-4-49-53-PM_png_jpg.rf.63b11dc5424b4c09c481300a1a5b418b.jpg, 1, 0, 0, 0
Screenshot-2021-11-22-174907_png_jpg.rf.62dd95f471499e837a0193e056ff3c47.jpg, 0, 0, 0, 1
Screen-Shot-2021-11-22-at-9-52-22-PM_png_jpg.rf.5e33fbacc43630bfb4af140b21325c78.jpg, 1, 0, 0, 0
Screenshot-2021-11-22-184305_png_jpg.rf.627d8ced8dd578c4a98f43aa4579fea9.jpg, 0, 0, 0, 1
Screenshot-2021-11-22-203240_png_jpg.rf.644a5d9cfaee26e14947c50a7e7f2b0c.jpg, 0, 0, 0, 1
Screen-Shot-2021-11-22-at-9-16-04-PM_png_jpg.rf.64c9a353a2b8a20a17ec5940e0092fc7.jpg, 1, 0, 0, 0
Screen-Shot-2021-11-22-at-10-44-17-PM_png_jpg.rf.677a5d90ee6bd98fdc03b804921456a7.jpg, 0, 0, 0, 1
h50_png_jpg.rf.64348ea33978e1abfb73b07aad35ad63.jpg, 0, 1, 0, 0
Screen-Shot-2021-11-15-at-12-48-09-PM_png_jpg.rf.64e08cfa4911bd2256a4215fb5ddead1.jpg, 0, 1, 0, 0
k16_png_jpg.rf.64aa5ca3f308bb3db9198375006b96ee.jpg, 0, 0, 1, 0
Screen-Shot-2021-11-22-at-5-27-58-PM_png_jpg.rf.65adddd2eef637e2fb45b97dc8a6c5db.jpg, 1, 0, 0, 0
h96_png_jpg.rf.66c4d54caa1173252894b1c4a5ea0e3c.jpg, 0, 1, 0, 0
h242_png_jpg.rf.65b6c468e45500c594d352f43208ff40.jpg, 0, 1, 0, 0
k205_png_jpg.rf.66ed1143c94b49d443adce8e027d6486.jpg, 0, 0, 1, 0
Screen-Shot-2021-11-22-at-5-26-45-PM_png_jpg.rf.65c3bdfdef61f1ab7609c1cf799626f7.jpg, 1, 0, 0, 0
h80_png_jpg.rf.6674903ccb0dd90b678db35037c273bd.jpg, 0, 1, 0, 0
Screen-Shot-2021-11-15-at-12-54-09-PM_png_jpg.rf.66c5b15f14cf8a02d10e81af7fb7b739.jpg, 0, 1, 0, 0